Entity,Code,Date,"Excess_mortality_P-scores,_ages_15-64","Excess_mortality_P-scores,_ages_65-74","Excess_mortality_P-scores,_ages_75-84","Excess_mortality_P-scores,_ages_85+"
Austria,AUT,1/5/2020,-5.42,-23.21,-5.3,-11.17
Austria,AUT,1/12/2020,-1.45,-5.43,-5.3,-13.4
Austria,AUT,1/19/2020,-7.32,-1.09,9.77,-2.91
Austria,AUT,1/26/2020,14.2,-5.11,10.18,-5.01
Austria,AUT,2/2/2020,-5.91,-0.22,19.98,5.79
Austria,AUT,2/9/2020,-16.28,-9.78,-0.24,-11.12
Austria,AUT,2/16/2020,-4.52,-13.27,-5.86,-1.03
Austria,AUT,2/23/2020,-6.12,-2.4,-2.31,-8.76
Austria,AUT,3/1/2020,-2.48,-9.93,6.6,-6.26
Austria,AUT,3/8/2020,6.27,-0.76,2.22,-4.07
Austria,AUT,3/15/2020,5.4,-3.98,2.8,-1.56
Austria,AUT,3/22/2020,11.83,4.28,27.5,11.95
Austria,AUT,3/29/2020,6.07,-9.3,19.52,6.12
Austria,AUT,4/5/2020,12.8,1.28,24.06,15.87
Austria,AUT,4/12/2020,14.38,4.58,21.43,18.05
Austria,AUT,4/19/2020,3.67,3.78,18.82,13.57
Austria,AUT,4/26/2020,7.78,2.1,17.5,4.01
Austria,AUT,5/3/2020,8.21,-15.32,3.49,3.98
Austria,AUT,5/10/2020,5.43,2.06,8.47,5.99
Austria,AUT,5/17/2020,-5.35,3.91,6.72,-0.14
Austria,AUT,5/24/2020,-6.86,3.49,16.11,1.08
Austria,AUT,5/31/2020,13.83,-5.85,-5.35,1.69
Austria,AUT,6/7/2020,11.69,-2.46,6.55,5.7
Austria,AUT,6/14/2020,-0.27,-0.69,2.65,2.22
Austria,AUT,6/21/2020,-6.08,-8.47,-1.71,8.84
Austria,AUT,6/28/2020,-6.57,-1.41,0.51,9.83
Austria,AUT,7/5/2020,1.21,12.68,8.7,10.29
Austria,AUT,7/12/2020,-1.09,-1.17,2.73,-1.09
Austria,AUT,7/19/2020,-10.12,10.27,8.05,-9.27
Austria,AUT,7/26/2020,2.05,-4.76,3.14,-6.67
Austria,AUT,8/2/2020,0.26,-1.62,9.69,-2.67
Austria,AUT,8/9/2020,-0.54,-7.18,9.18,-2.44
Austria,AUT,8/16/2020,-2.61,8.26,17.1,10.23
Austria,AUT,8/23/2020,-8.64,-0.18,14.1,0.77
Austria,AUT,8/30/2020,-4.27,-7.34,17.53,5.5
Austria,AUT,9/6/2020,3.57,4.76,23.08,7.31
Austria,AUT,9/13/2020,19.25,-1.47,13.01,8.96
Austria,AUT,9/20/2020,2.16,11.85,11.8,12.04
Austria,AUT,9/27/2020,-1.01,-1.67,3.47,8.87
Austria,AUT,10/4/2020,-3.71,16.72,5.63,3
Austria,AUT,10/11/2020,10.47,3.95,16.4,0.91
Austria,AUT,10/18/2020,0.76,12.27,11.45,3.42
Austria,AUT,10/25/2020,2.85,6.41,27.86,19.21
Austria,AUT,11/1/2020,11.59,35.07,26.78,23.47
Austria,AUT,11/8/2020,13.66,40.13,39.21,32.83
Austria,AUT,11/15/2020,-7.19,62.06,58.03,53.38
Belgium,BEL,1/5/2020,-7,-0.73,-13,-4.87
Belgium,BEL,1/12/2020,-3.33,4.85,-11.9,2.09
Belgium,BEL,1/19/2020,-13.81,8.19,-12.63,-1.63
Belgium,BEL,1/26/2020,-12.82,3.47,-15.34,-8.82
Belgium,BEL,2/2/2020,-0.87,2.46,-8.31,-8.55
Belgium,BEL,2/9/2020,-6.06,-3.82,-14.89,-16.99
Belgium,BEL,2/16/2020,-5.06,2.97,-12.21,-10.98
Belgium,BEL,2/23/2020,-4.49,5.56,-14.68,-8.46
Belgium,BEL,3/1/2020,-23.81,-2.1,-10.22,-11.92
Belgium,BEL,3/8/2020,-8,-4.74,-16.49,-7.14
Belgium,BEL,3/15/2020,2.78,0,-7.71,-7.25
Belgium,BEL,3/22/2020,-3.7,27.26,7.87,10.47
Belgium,BEL,3/29/2020,5.2,47.26,46.1,53.15
Belgium,BEL,4/5/2020,23.9,78.48,89.99,119.09
Belgium,BEL,4/12/2020,25.53,62.2,119.1,142.97
Belgium,BEL,4/19/2020,7.7,62.54,70.23,123.66
Belgium,BEL,4/26/2020,6.2,32.33,42.33,78.02
Belgium,BEL,5/3/2020,-7.85,13.97,15.77,36.62
Belgium,BEL,5/10/2020,-7.65,13.14,12.46,33.67
Belgium,BEL,5/17/2020,-2.16,5.3,-0.55,7.25
Belgium,BEL,5/24/2020,-6.89,3.03,-4.32,18.51
Belgium,BEL,5/31/2020,4.42,0.52,-16.87,17.78
Belgium,BEL,6/7/2020,-14.82,2.62,-11.22,2.33
Belgium,BEL,6/14/2020,-1.85,3.7,-3.39,7.25
Belgium,BEL,6/21/2020,-15.12,-5.24,-10.74,2.23
Belgium,BEL,6/28/2020,-7.69,16.7,-2.33,7.27
Belgium,BEL,7/5/2020,-11.62,-8.27,-21.9,-7.68
Belgium,BEL,7/12/2020,-10.43,-4.03,-13.79,-8.42
Belgium,BEL,7/19/2020,-6.88,-0.7,-6.67,0.16
Belgium,BEL,7/26/2020,-13.69,-3.62,-15.58,-5.93
Belgium,BEL,8/2/2020,-5.6,6.39,2.69,6.12
Belgium,BEL,8/9/2020,-9.06,13.47,9.49,13.42
Belgium,BEL,8/16/2020,23.08,47.92,44.29,78.93
Belgium,BEL,8/23/2020,5.38,19.77,4.67,26.14
Belgium,BEL,8/30/2020,-11.61,0.06,-1.39,1.03
Belgium,BEL,9/6/2020,4.81,4.79,-5.16,4.72
Belgium,BEL,9/13/2020,-1.09,5.45,-9.56,-2.54
Belgium,BEL,9/20/2020,-4.52,13.94,-5.95,15.18
Belgium,BEL,9/27/2020,-0.8,1.28,-7.13,4.06
Belgium,BEL,10/4/2020,-15.59,3.71,0.35,-3.42
Belgium,BEL,10/11/2020,-6.51,15.46,-0.3,-0.05
Belgium,BEL,10/18/2020,6.95,13.89,7.87,4.2
Belgium,BEL,10/25/2020,10.78,16.97,31.19,43.52
Belgium,BEL,11/1/2020,19.99,58.83,78.3,70.7
Belgium,BEL,11/8/2020,16.04,75.74,78.58,95.14
Bulgaria,BGR,1/5/2020,-22.02,-14.9,-20.54,-15.85
Bulgaria,BGR,1/12/2020,-11.42,-3.57,-17.68,-11.88
Bulgaria,BGR,1/19/2020,-16.57,-7.76,-21.2,-6.05
Bulgaria,BGR,1/26/2020,-6.23,1.48,-16.5,6.58
Bulgaria,BGR,2/2/2020,-9.3,1.06,-2.91,6.37
Bulgaria,BGR,2/9/2020,2.29,6.26,-9.31,9.3
Bulgaria,BGR,2/16/2020,7.33,0.12,-1.43,-2.25
Bulgaria,BGR,2/23/2020,-2.62,-0.15,-12.1,-4.73
Bulgaria,BGR,3/1/2020,-9.09,3.2,-11.76,2.55
Bulgaria,BGR,3/8/2020,-14.86,1.04,-14.23,-8.75
Bulgaria,BGR,3/15/2020,-3.98,-0.93,-14.42,-1.22
Bulgaria,BGR,3/22/2020,-8.57,-1.26,-12.63,1.22
Bulgaria,BGR,3/29/2020,-9.73,2.54,-5.77,1.76
Bulgaria,BGR,4/5/2020,3.78,0,-11.74,-4.84
Bulgaria,BGR,4/12/2020,1.5,9.11,-10.45,-4.54
Bulgaria,BGR,4/19/2020,7.83,-3.97,-7.23,-1.92
Bulgaria,BGR,4/26/2020,1.01,0,-13.22,0.4
Bulgaria,BGR,5/3/2020,-3.89,2.46,-17.61,-0.12
Bulgaria,BGR,5/10/2020,-7.15,4.91,-11.73,-6.25
Bulgaria,BGR,5/17/2020,-2.15,12.4,4.27,8.45
Bulgaria,BGR,5/24/2020,-7.79,0.54,-7.33,-0.97
Bulgaria,BGR,5/31/2020,-8.91,12.38,-10.87,-21.54
Bulgaria,BGR,6/7/2020,-9.54,-0.18,0.7,4.89
Bulgaria,BGR,6/14/2020,2.71,4.67,-3.82,0.21
Bulgaria,BGR,6/21/2020,3.42,5.57,-10.48,-2.52
Bulgaria,BGR,6/28/2020,-0.93,8.18,-13.31,-1.21
Bulgaria,BGR,7/5/2020,10.92,13.64,5.37,23.83
Bulgaria,BGR,7/12/2020,1.54,5.13,10.19,4.16
Bulgaria,BGR,7/19/2020,-0.52,12.55,-8.39,-6.82
Bulgaria,BGR,7/26/2020,-4.64,7.72,-4.13,3.46
Bulgaria,BGR,8/2/2020,1.07,13.28,2.47,22.73
Bulgaria,BGR,8/9/2020,-8.01,19.81,3.11,13.17
Bulgaria,BGR,8/16/2020,9.54,10.01,2.88,4.01
Bulgaria,BGR,8/23/2020,-3.9,12.34,1.01,6.84
Bulgaria,BGR,8/30/2020,9.25,10.38,-4.29,12.58
Bulgaria,BGR,9/6/2020,12.67,11.93,-3.67,13.07
Bulgaria,BGR,9/13/2020,1.58,8.44,-1.66,14.83
Bulgaria,BGR,9/20/2020,-1.74,15.17,-2.54,-2.63
Bulgaria,BGR,9/27/2020,-1.37,7.71,5.58,-4.73
Bulgaria,BGR,10/4/2020,2.45,13.95,-10.27,7.44
Bulgaria,BGR,10/11/2020,3.33,11.8,-0.51,5.4
Bulgaria,BGR,10/18/2020,1.52,9.28,2.82,2.43
Bulgaria,BGR,10/25/2020,12.18,27.5,5.98,16.28
Bulgaria,BGR,11/1/2020,33.32,31.01,29.62,26.6
Bulgaria,BGR,11/8/2020,62.33,77.45,45.6,31.48
Bulgaria,BGR,11/15/2020,78.15,112.47,73.48,71.08
Canada,CAN,1/5/2020,-6.77,6.71,3.89,0.9
Canada,CAN,1/12/2020,2.09,3.88,1.41,-1.25
Canada,CAN,1/19/2020,3.58,0.43,-1.9,0.59
Canada,CAN,1/26/2020,0.1,6.19,3.75,2.63
Canada,CAN,2/2/2020,0.68,0.67,-1.91,0.27
Canada,CAN,2/9/2020,0.26,2.09,-0.44,2.51
Canada,CAN,2/16/2020,-0.66,2.92,0.52,-5.71
Canada,CAN,2/23/2020,-11.53,-0.18,-2.62,2.16
Canada,CAN,3/1/2020,-7.1,7.1,4.23,-1.5
Canada,CAN,3/8/2020,2.64,1.79,-0.85,1.24
Canada,CAN,3/15/2020,-1.72,3.61,1.17,0.19
Canada,CAN,3/22/2020,-1.51,10.56,7.91,1.63
Canada,CAN,3/29/2020,-7.87,12.15,9.53,7.53
Canada,CAN,4/5/2020,6.45,11.73,8.83,21.8
Canada,CAN,4/12/2020,5.49,19.53,16.81,27.13
Canada,CAN,4/19/2020,-1.54,19.86,16.83,35.5
Canada,CAN,4/26/2020,3.68,25.6,22.13,41.63
Canada,CAN,5/3/2020,5.07,20.62,17.97,39.89
Canada,CAN,5/10/2020,6.39,16.75,13.54,28.04
Canada,CAN,5/17/2020,4.68,15.82,13.21,19.74
Canada,CAN,5/24/2020,6.78,9.36,6.7,16.55
Canada,CAN,5/31/2020,2.43,13.15,10.07,15.67
Canada,CAN,6/7/2020,1.04,6.9,4.33,4.04
Canada,CAN,6/14/2020,-0.15,1.25,-1.45,-4.94
Canada,CAN,6/21/2020,-1.45,3.27,1.11,-1.03
Canada,CAN,6/28/2020,-6.41,2.41,-0.24,0.75
Canada,CAN,7/5/2020,-4.91,-3.88,-6.29,-5.28
Canada,CAN,7/12/2020,-3.4,2.22,-0.12,-3.51
Canada,CAN,7/19/2020,-0.08,-3.06,-5.75,-5.29
Canada,CAN,7/26/2020,-5.46,-1.43,-3.57,-9.27
Chile,CHL,1/5/2020,5.27,12.8,2.97,11.97
Chile,CHL,1/12/2020,14.11,2.9,5.33,25.92
Chile,CHL,1/19/2020,2.43,5.39,8.19,18.32
Chile,CHL,1/26/2020,-0.34,0.82,7.87,4.64
Chile,CHL,2/2/2020,0.91,-2.88,0.89,12.5
Chile,CHL,2/9/2020,5.74,10.27,7.81,12.83
Chile,CHL,2/16/2020,10.37,-2.82,11.32,-0.11
Chile,CHL,2/23/2020,-3.57,-7.54,7.42,7.42
Chile,CHL,3/1/2020,0.87,3.07,13.24,7.86
Chile,CHL,3/8/2020,-2.64,2.37,6.94,15.46
Chile,CHL,3/15/2020,11.95,16.51,0.66,5.52
Chile,CHL,3/22/2020,8.14,11.18,12.14,15.12
Chile,CHL,3/29/2020,7.21,4.91,9.86,15.79
Chile,CHL,4/5/2020,9.56,7.59,23.33,3.83
Chile,CHL,4/12/2020,-0.1,-2.75,2.37,14.48
Chile,CHL,4/19/2020,6.4,-2.43,16.04,15.39
Chile,CHL,4/26/2020,6.33,13.78,6.75,-0.55
Chile,CHL,5/3/2020,7.99,11.33,5.08,1.68
Chile,CHL,5/10/2020,19.23,19.81,22.18,20.02
Chile,CHL,5/17/2020,19.37,27.75,14.55,21.61
Chile,CHL,5/24/2020,41.49,38.11,45.33,21.04
Chile,CHL,5/31/2020,54.89,70.08,65,37.23
Chile,CHL,6/7/2020,70.31,95.26,76.56,49.76
Chile,CHL,6/14/2020,54.46,94.67,80.94,46.49
Chile,CHL,6/21/2020,62.64,80.21,52.96,34.87
Chile,CHL,6/28/2020,57.77,64.51,38,29.85
Chile,CHL,7/5/2020,36.98,31.57,32.29,20.24
Chile,CHL,7/12/2020,31.78,46.52,25.63,9.99
Chile,CHL,7/19/2020,15.58,34.88,15.97,6.27
Chile,CHL,7/26/2020,16.3,22.59,15.44,8.56
Chile,CHL,8/2/2020,14.52,26.1,12.95,7.24
Chile,CHL,8/9/2020,0.8,24.95,12.74,9.62
Chile,CHL,8/16/2020,12.05,20.12,5.4,2.09
Chile,CHL,8/23/2020,21.38,19.63,16.92,13.16
Chile,CHL,8/30/2020,19.58,6.01,19.73,15.38
Chile,CHL,9/6/2020,9.22,18.08,7.14,3.88
Chile,CHL,9/13/2020,5.74,12.2,16.03,14.22
Chile,CHL,9/20/2020,1.77,16.11,13.26,6.89
Chile,CHL,9/27/2020,12.81,19.18,9.66,7.56
Chile,CHL,10/4/2020,27.48,7.23,14.67,2.84
Chile,CHL,10/11/2020,13.63,28.56,18.75,23.82
Chile,CHL,10/18/2020,22.87,15.57,16.41,12.05
Chile,CHL,10/25/2020,21.36,24.72,20.18,8.55
Chile,CHL,11/1/2020,19.67,25.66,20.13,1.58
Chile,CHL,11/8/2020,15.22,15.49,17.3,10.33
Croatia,HRV,1/5/2020,-10.9,-7.57,-29.06,-9.17
Croatia,HRV,1/12/2020,-14.57,-18.26,-21.06,-9.79
Croatia,HRV,1/19/2020,-21.27,-2.74,-30.02,-13.37
Croatia,HRV,1/26/2020,-5.84,-0.09,-13.86,-7.51
Croatia,HRV,2/2/2020,-8.39,5.09,-20.25,-2.04
Croatia,HRV,2/9/2020,-19.72,-8.97,-17.44,8.37
Croatia,HRV,2/16/2020,-7,3.36,-9.33,-1.54
Croatia,HRV,2/23/2020,-6.16,-9.36,-10.49,1.22
Croatia,HRV,3/1/2020,-16.21,2.02,-19.84,2.99
Croatia,HRV,3/8/2020,-10.83,7.04,-16.38,0.36
Croatia,HRV,3/15/2020,-0.44,16.49,-12.46,2.06
Croatia,HRV,3/22/2020,-2.48,17.36,-5.78,8.17
Croatia,HRV,3/29/2020,4.17,13.64,11.2,4.02
Croatia,HRV,4/5/2020,-12.51,-0.2,-9.24,6.81
Croatia,HRV,4/12/2020,-10.17,4.95,-12.87,19.06
Croatia,HRV,4/19/2020,-6.78,8.75,-2.09,6.43
Croatia,HRV,4/26/2020,-13.75,-25.33,-18.53,-0.56
Croatia,HRV,5/3/2020,-8.95,-2.76,-11.8,-1.92
Croatia,HRV,5/10/2020,-14.36,14.11,-22.93,1.73
Croatia,HRV,5/17/2020,-21.2,3.87,-13.52,16.87
Croatia,HRV,5/24/2020,-14.91,8.8,-10,-0.08
Croatia,HRV,5/31/2020,-19.88,5.23,-18.58,0.37
Croatia,HRV,6/7/2020,-0.52,7.15,-5.13,9.76
Croatia,HRV,6/14/2020,2.92,15.43,-11.61,17.53
Croatia,HRV,6/21/2020,-22.71,11.38,-15.64,13.9
Croatia,HRV,6/28/2020,-4.67,-5.09,-2.03,15.72
Croatia,HRV,7/5/2020,-19.63,12.03,-6.63,18.38
Croatia,HRV,7/12/2020,-9.99,1.91,-12.31,10.04
Croatia,HRV,7/19/2020,-8.51,-4.42,-5.67,-9.99
Croatia,HRV,7/26/2020,-3.39,-1.38,-10.02,11.47
Croatia,HRV,8/2/2020,5.44,11.43,7.01,17.02
Croatia,HRV,8/9/2020,-13.07,11.11,-6.91,9.34
Croatia,HRV,8/16/2020,-14.55,-0.8,-5.4,11.85
Croatia,HRV,8/23/2020,-17.61,18.19,-6.46,12.33
Croatia,HRV,8/30/2020,-4.38,9.32,3.35,15.17
Croatia,HRV,9/6/2020,-14.63,24.69,-2.59,14.59
Croatia,HRV,9/13/2020,-1.88,21.71,5.38,21.49
Croatia,HRV,9/20/2020,-12.92,6.82,-4.88,25.69
Czech Republic,CZE,1/5/2020,-3.33,-2.88,-1.02,-3.47
Czech Republic,CZE,1/12/2020,-7.65,-8.75,4.14,3.36
Czech Republic,CZE,1/19/2020,-17.63,-3.23,-3.34,-4.11
Czech Republic,CZE,1/26/2020,-5.62,-3.1,1.94,-3.75
Czech Republic,CZE,2/2/2020,-10.55,-4.47,-0.74,5.04
Czech Republic,CZE,2/9/2020,-13.76,-1.65,-2.38,-3.51
Czech Republic,CZE,2/16/2020,-18.3,-3.12,-4.12,2
Czech Republic,CZE,2/23/2020,-14.18,-13.96,0.34,-1.38
Czech Republic,CZE,3/1/2020,-10.88,-5.57,-1.61,-3.01
Czech Republic,CZE,3/8/2020,-6.23,-1.85,-9.5,-2.14
Czech Republic,CZE,3/15/2020,-12.1,3.33,0.82,-0.14
Czech Republic,CZE,3/22/2020,-4.87,4,1.83,6.35
Czech Republic,CZE,3/29/2020,0.91,2.95,8.76,2.94
Czech Republic,CZE,4/5/2020,-8.17,15.8,15.38,2.78
Czech Republic,CZE,4/12/2020,-4.03,1.93,12.14,8.86
Czech Republic,CZE,4/19/2020,2.25,0.46,8.92,0.07
Czech Republic,CZE,4/26/2020,-9.38,-6.15,-3.21,0.64
Czech Republic,CZE,5/3/2020,-8.2,10.41,9.29,1.01
Czech Republic,CZE,5/10/2020,-11.98,-1.67,2.21,2.17
Czech Republic,CZE,5/17/2020,3.75,7.26,-3.46,4.08
Czech Republic,CZE,5/24/2020,-14.31,-4.62,2.26,-2.79
Czech Republic,CZE,5/31/2020,-23.3,2.73,-12.28,5.53
Czech Republic,CZE,6/7/2020,-7.4,12.21,22.23,5.07
Czech Republic,CZE,6/14/2020,-8.24,0.21,9.19,1.42
Czech Republic,CZE,6/21/2020,-0.44,7.72,5.21,2.79
Czech Republic,CZE,6/28/2020,-4.23,6.25,10.97,7.69
Czech Republic,CZE,7/5/2020,-0.87,5.46,7.55,10.02
Czech Republic,CZE,7/12/2020,-6.91,-1.13,6.03,0.62
Czech Republic,CZE,7/19/2020,-10.59,8.01,0.07,-1.95
Czech Republic,CZE,7/26/2020,4.16,0.24,2.81,3.25
Czech Republic,CZE,8/2/2020,2.7,5.49,14.11,11.46
Czech Republic,CZE,8/9/2020,-4.71,7.4,16.72,3.12
Czech Republic,CZE,8/16/2020,0.44,11.89,7.28,2.92
Czech Republic,CZE,8/23/2020,5.62,5.47,8.46,5.88
Czech Republic,CZE,8/30/2020,-7.9,-1.48,8.66,9.73
Czech Republic,CZE,9/6/2020,-3.86,7.45,6.09,1.19
Czech Republic,CZE,9/13/2020,-11.17,8.18,13.79,6.87
Czech Republic,CZE,9/20/2020,-3.59,2.79,25.49,14.07
Czech Republic,CZE,9/27/2020,2.29,10.46,25.47,24.87
Czech Republic,CZE,10/4/2020,-0.94,9.62,24.12,11.71
Czech Republic,CZE,10/11/2020,0,28.56,35.3,17.92
Czech Republic,CZE,10/18/2020,10.09,39.05,48.33,49.41
Denmark,DNK,1/5/2020,-12.4,3.86,-2.22,3.62
Denmark,DNK,1/12/2020,-0.24,2.75,1.55,7.21
Denmark,DNK,1/19/2020,-15.16,-2.58,0.56,-1.51
Denmark,DNK,1/26/2020,-14.37,-7.72,-3.56,-5.43
Denmark,DNK,2/2/2020,6.12,-13.92,2.05,-11.14
Denmark,DNK,2/9/2020,-7.19,-14.6,8.57,-10.12
Denmark,DNK,2/16/2020,-20.42,-7.82,-2.69,-10.53
Denmark,DNK,2/23/2020,3.18,-11.52,-12.39,-12.59
Denmark,DNK,3/1/2020,-23.35,-5.78,-13.3,-13.35
Denmark,DNK,3/8/2020,-12.74,-16.32,-1.48,-9.82
Denmark,DNK,3/15/2020,-11.1,3.51,-4.23,-15.87
Denmark,DNK,3/22/2020,-14.98,3.29,14.24,-2.18
Denmark,DNK,3/29/2020,-22.2,8.89,6.75,7.01
Denmark,DNK,4/5/2020,-2.25,10.28,28.7,-0.79
Denmark,DNK,4/12/2020,-18.63,15.83,18.4,5.66
Denmark,DNK,4/19/2020,-5.23,4.44,12.55,4.11
Denmark,DNK,4/26/2020,2.19,8.18,22.7,4.98
Denmark,DNK,5/3/2020,-20,-9.93,10.01,9.61
Denmark,DNK,5/10/2020,-2.94,-8.92,11.15,0.11
Denmark,DNK,5/17/2020,-10.12,-4.67,4.34,-2.11
Denmark,DNK,5/24/2020,-13.47,-0.4,8.77,7.27
Denmark,DNK,5/31/2020,-8.78,1.97,8.84,-5.17
Denmark,DNK,6/7/2020,-6.84,-11.59,7.67,0.98
Denmark,DNK,6/14/2020,3.12,-6.37,6.44,4.66
Denmark,DNK,6/21/2020,-7.38,-14.24,6.88,-0.53
Denmark,DNK,6/28/2020,-6.29,-6.81,20.91,5.02
Denmark,DNK,7/5/2020,6.04,-6.47,10.49,8.66
Denmark,DNK,7/12/2020,-8.64,-4.64,8.13,4.28
Denmark,DNK,7/19/2020,-4.31,3.43,15.21,8.48
Denmark,DNK,7/26/2020,-6.86,-8.15,2.83,-5.56
Denmark,DNK,8/2/2020,2.53,2.75,-1.05,4.72
Denmark,DNK,8/9/2020,-9.33,-9.7,7.42,4.42
Denmark,DNK,8/16/2020,5.01,7.14,11.4,-0.92
Denmark,DNK,8/23/2020,-11.32,-5.48,7.53,8.78
Denmark,DNK,8/30/2020,-8.47,-3.43,8.58,3.05
Denmark,DNK,9/6/2020,-18.68,2.15,9.29,13.76
Denmark,DNK,9/13/2020,-4.7,-17.9,12.48,12.91
Denmark,DNK,9/20/2020,-7.01,-3.71,29.64,14.77
Denmark,DNK,9/27/2020,-7.86,-0.1,5.24,-1.11
Denmark,DNK,10/4/2020,-18.76,-1.42,16.89,4.42
Denmark,DNK,10/11/2020,-18.14,-7.02,-3.48,-1.68
Denmark,DNK,10/18/2020,-1.23,2.53,11.19,-3.36
Denmark,DNK,10/25/2020,8.55,-9.09,23.71,13.84
Denmark,DNK,11/1/2020,1.66,-7.5,4.19,-2.28
Denmark,DNK,11/8/2020,-14.48,-12.69,23.85,1.29
Denmark,DNK,11/15/2020,-16.56,9.19,23.2,4.09
Denmark,DNK,11/22/2020,-9.47,-6.43,8.64,13.85
England & Wales,,1/5/2020,-8.15,-3.59,2.9,2.89
England & Wales,,1/12/2020,1.31,0.26,3.35,1.46
England & Wales,,1/19/2020,7.68,-1.95,0.41,-5.92
England & Wales,,1/26/2020,-1.11,-1.28,-6.54,-11.62
England & Wales,,2/2/2020,0.29,2.36,-5.14,-8.81
England & Wales,,2/9/2020,-2.22,-5.06,-7.91,-10.2
England & Wales,,2/16/2020,-4.19,-4.6,-8.85,-4.51
England & Wales,,2/23/2020,-0.7,-3.42,-6.46,-8.76
England & Wales,,3/1/2020,1.42,-0.28,-6.21,-4.06
England & Wales,,3/8/2020,-1.99,-4.24,-4.02,-7.68
England & Wales,,3/15/2020,3.94,-1.9,-1.36,-3.87
England & Wales,,3/22/2020,0.67,4.01,2.42,-1.42
England & Wales,,3/29/2020,9.08,9.62,11.75,9.75
England & Wales,,4/5/2020,47.16,62.18,71.66,53.93
England & Wales,,4/12/2020,62.07,68.13,89.31,76.67
England & Wales,,4/19/2020,71.39,97.06,123.42,130.09
England & Wales,,4/26/2020,71.78,87.49,119.49,130
England & Wales,,5/3/2020,50.13,57.81,81.29,103.57
England & Wales,,5/10/2020,13.22,20.49,33.34,44.59
England & Wales,,5/17/2020,23.21,27.31,45.07,56.78
England & Wales,,5/24/2020,19.61,10.67,23.39,31.96
England & Wales,,5/31/2020,11.07,10.38,21.92,27.7
England & Wales,,6/7/2020,4.65,6.89,10,7.16
England & Wales,,6/14/2020,6.83,5.88,7.1,5.31
England & Wales,,6/21/2020,1.02,2.31,0.85,-3.56
England & Wales,,6/28/2020,-6.25,-2.68,-0.73,-4.36
England & Wales,,7/5/2020,2.12,1.35,1.37,-3.43
England & Wales,,7/12/2020,-3.54,-3.63,-3.91,-9.77
England & Wales,,7/19/2020,2.16,1.15,-0.11,-8.3
England & Wales,,7/26/2020,4.41,-3.41,-2.17,-3.23
England & Wales,,8/2/2020,6.03,3.39,-0.87,-5.65
England & Wales,,8/9/2020,6.8,-4.93,-1.09,-3.79
England & Wales,,8/16/2020,0.6,2.21,5.84,3.38
England & Wales,,8/23/2020,11.92,-0.03,8.24,2.7
England & Wales,,8/30/2020,19.26,8.49,11.88,4.96
England & Wales,,9/6/2020,-11.03,-11.24,-14.29,-20.09
England & Wales,,9/13/2020,3.63,8.11,6.8,4.51
England & Wales,,9/20/2020,8.51,1.56,4.65,0.25
England & Wales,,9/27/2020,10.03,2.4,3.67,-0.39
England & Wales,,10/4/2020,5.52,4.15,8.79,0.54
England & Wales,,10/11/2020,4.04,2.56,1.06,0.44
England & Wales,,10/18/2020,12.24,4.36,7.7,5.7
England & Wales,,10/25/2020,12.22,12.67,13.18,6.77
England & Wales,,11/1/2020,14.35,12.79,12.79,6.29
England & Wales,,11/8/2020,10.69,16.78,19.58,11.48
England & Wales,,11/15/2020,17.41,20.27,25.19,13.8
Estonia,EST,1/5/2020,-8.49,-19.5,-33.47,4.09
Estonia,EST,1/12/2020,10.22,5.59,-18.46,-5.89
Estonia,EST,1/19/2020,2.46,-31.09,3.85,-0.79
Estonia,EST,1/26/2020,-8.78,-15.31,-22.09,1.77
Estonia,EST,2/2/2020,3.51,-15.34,-14.14,-8.49
Estonia,EST,2/9/2020,-12.05,-41.27,-22.35,-6.54
Estonia,EST,2/16/2020,-19.19,-9.52,5.05,12.68
Estonia,EST,2/23/2020,2.52,-12.83,6.4,-2.59
Estonia,EST,3/1/2020,9.38,-6.14,-14.76,-5.81
Estonia,EST,3/8/2020,-3.78,-15.12,-14.51,-13.64
Estonia,EST,3/15/2020,-3.72,37.99,-14.17,9.14
Estonia,EST,3/22/2020,-0.36,23.55,-5.43,-4.67
Estonia,EST,3/29/2020,11.3,4.81,6.99,-4.58
Estonia,EST,4/5/2020,-11.55,20.07,-14.85,22.9
Estonia,EST,4/12/2020,-7.05,35.46,-11.52,10.15
Estonia,EST,4/19/2020,16.28,13.97,-4.76,-0.44
Estonia,EST,4/26/2020,30.35,0.69,-4.11,33.26
Estonia,EST,5/3/2020,12.54,21.34,5.03,-3.89
Estonia,EST,5/10/2020,23.73,1.06,24.05,-3.51
Estonia,EST,5/17/2020,3.45,-6.86,-17.23,1.32
Estonia,EST,5/24/2020,3.15,16,-16.67,-3.37
Estonia,EST,5/31/2020,-0.35,-2.49,3.25,34.57
Estonia,EST,6/7/2020,-2.53,-23.37,12.15,-5.66
Estonia,EST,6/14/2020,9.54,-4.76,17.21,-7.18
Estonia,EST,6/21/2020,-5.08,11.74,-17.1,19.22
Estonia,EST,6/28/2020,2.94,28.69,-7.26,26.6
Estonia,EST,7/5/2020,32.3,10.47,-27.71,12.9
Estonia,EST,7/12/2020,11.94,-2.78,-11.91,19.05
Estonia,EST,7/19/2020,-24.83,6.56,14.8,13.74
Estonia,EST,7/26/2020,10.17,-11.88,4.07,14.49
Estonia,EST,8/2/2020,11.11,24.44,-4.7,29.11
Estonia,EST,8/9/2020,7.14,17.75,-17.46,12.62
Estonia,EST,8/16/2020,0.33,-5.56,17.65,6.8
Estonia,EST,8/23/2020,-6.9,1.12,-3.51,10.03
Estonia,EST,8/30/2020,-16.94,6.12,22.15,21.62
Estonia,EST,9/6/2020,30.51,-1.16,-16.45,13.92
Estonia,EST,9/13/2020,-5.17,-4.38,-16.88,3.33
Estonia,EST,9/20/2020,23.71,20.82,-14.58,24.38
Estonia,EST,9/27/2020,13.72,12.73,-2.75,34.09
Estonia,EST,10/4/2020,-19.24,-7.69,10.98,25.56
Estonia,EST,10/11/2020,-31.34,15.53,-4.65,3.86
Estonia,EST,10/18/2020,-4.15,-9.57,6.21,22.43
Estonia,EST,10/25/2020,-19.41,7.69,-3.37,20.95
Estonia,EST,11/1/2020,-18.92,-18.52,3.88,-10.87
Estonia,EST,11/8/2020,-8.58,7.29,-8.19,15.02
Estonia,EST,11/15/2020,6.87,-2.06,-2.81,-4.26
Estonia,EST,11/22/2020,11.67,17.89,-7.93,25.3
Finland,FIN,1/5/2020,-16.05,-2.1,-19.68,-4.46
Finland,FIN,1/12/2020,-17.26,-4.88,-7.38,-10.22
Finland,FIN,1/19/2020,-12.75,-7.65,-15.44,-5.6
Finland,FIN,1/26/2020,-8.53,11.33,-9.12,-15.29
Finland,FIN,2/2/2020,-12.93,-2.86,-8.53,-2.71
Finland,FIN,2/9/2020,-5.26,20.15,-1.22,-6.73
Finland,FIN,2/16/2020,-11.76,-3.53,14.15,-3.18
Finland,FIN,2/23/2020,-10.14,-1.29,-8.58,9.39
Finland,FIN,3/1/2020,-10.24,5.4,-7.89,-8.43
Finland,FIN,3/8/2020,-16.16,6.17,4.06,1.47
Finland,FIN,3/15/2020,4.27,5.39,-6.49,1.15
Finland,FIN,3/22/2020,-2.49,10.99,0.2,2.97
Finland,FIN,3/29/2020,-7.55,11.11,10,1.02
Finland,FIN,4/5/2020,-11.54,1.6,8.25,4.49
Finland,FIN,4/12/2020,1.01,25.81,13.27,11.08
Finland,FIN,4/19/2020,1.36,-8.31,22.31,-2.68
Finland,FIN,4/26/2020,-10.24,14.65,13.4,20.54
Finland,FIN,5/3/2020,-6.21,6.52,10.06,15.93
Finland,FIN,5/10/2020,-7.26,20.5,8.71,7.88
Finland,FIN,5/17/2020,2.58,25.28,10.02,15.69
Finland,FIN,5/24/2020,2.42,15.34,-14.97,3.01
Finland,FIN,5/31/2020,-2.19,12.81,0.69,5.8
Finland,FIN,6/7/2020,-10.96,12.19,3.49,1.76
Finland,FIN,6/14/2020,-1.12,16.82,7.78,-0.11
Finland,FIN,6/21/2020,0.53,8.61,11.11,14.68
Finland,FIN,6/28/2020,-3.65,26.89,2.49,6.52
Finland,FIN,7/5/2020,-22.92,0.73,8.59,18.29
Finland,FIN,7/12/2020,12.38,-3.63,0.7,-3.3
Finland,FIN,7/19/2020,4.25,2.38,10.77,5.03
Finland,FIN,7/26/2020,-0.68,11.72,-7.01,-3.24
Finland,FIN,8/2/2020,3.36,9.36,3.99,2.47
Finland,FIN,8/9/2020,-11.54,11.6,3.69,4.34
Finland,FIN,8/16/2020,6.33,0.91,-0.77,4.97
Finland,FIN,8/23/2020,14.81,0.67,5.74,4.89
Finland,FIN,8/30/2020,2.51,2.82,4.4,1.41
Finland,FIN,9/6/2020,-16.78,9.2,-9.45,13.23
Finland,FIN,9/13/2020,14.4,23.66,10.13,17.95
Finland,FIN,9/20/2020,-0.42,-2.54,13.25,4.39
Finland,FIN,9/27/2020,-3.32,26.53,13.67,1.79
Finland,FIN,10/4/2020,-16.11,-11.5,-3.43,2.96
Finland,FIN,10/11/2020,-8.08,-12.5,1.41,-3.66
Finland,FIN,10/18/2020,-5.67,-12.51,8.08,15.25
Finland,FIN,10/25/2020,-2.34,5.43,1.4,0.94
Finland,FIN,11/1/2020,9.08,-3.11,9.7,7.44
France,FRA,1/5/2020,-3.9,6.08,-12.55,-5.37
France,FRA,1/12/2020,-6.69,13.72,-10.73,-2.16
France,FRA,1/19/2020,-6.12,4.54,-10.98,-3.7
France,FRA,1/26/2020,-7.62,4.85,-9.59,-6.24
France,FRA,2/2/2020,-3.66,6.33,-13.28,-2.54
France,FRA,2/9/2020,-9.04,5.7,-9.52,-6.52
France,FRA,2/16/2020,-7.14,2.87,-9.1,-6.61
France,FRA,2/23/2020,-9.35,1.76,-14.59,-7.79
France,FRA,3/1/2020,-8.55,8.97,-14.66,-6.79
France,FRA,3/8/2020,-1.14,1.99,-6.49,-4.92
France,FRA,3/15/2020,-3.42,15.78,-3.18,7.13
France,FRA,3/22/2020,3.1,31.05,18.67,20.4
France,FRA,3/29/2020,10.89,48.13,43.96,44.06
France,FRA,4/5/2020,21.9,59.72,66.41,82.86
France,FRA,4/12/2020,12.38,50.25,56.15,76.8
France,FRA,4/19/2020,3.65,33.52,36.25,57
France,FRA,4/26/2020,-1.76,22.08,10.83,26.89
France,FRA,5/3/2020,-8.42,11.3,-1.02,9.66
France,FRA,5/10/2020,-8.07,13.42,-2.4,8.62
France,FRA,5/17/2020,-2.26,10.1,-5.55,5.03
France,FRA,5/24/2020,1.79,10.9,-2.26,9.65
France,FRA,5/31/2020,-0.31,6.66,-3.89,3.27
France,FRA,6/7/2020,-7.03,8.02,-3.89,6.1
France,FRA,6/14/2020,-2.91,11.59,-3.3,5.25
France,FRA,6/21/2020,-12.3,6.54,-0.99,4.34
France,FRA,6/28/2020,-3.12,15.32,-1.19,12.51
France,FRA,7/5/2020,-11.31,6.2,-12.92,-6.16
France,FRA,7/12/2020,-6.83,5.24,-3.47,5.09
France,FRA,7/19/2020,-8.72,6.58,-8.41,-1.44
France,FRA,7/26/2020,-5.79,13.57,-4.96,2.01
France,FRA,8/2/2020,-4.47,11.91,3.64,11.02
France,FRA,8/9/2020,-3.43,18.35,-0.86,6.11
France,FRA,8/16/2020,8.33,28.12,10.58,20.73
France,FRA,8/23/2020,-5.64,10.85,-2.9,3.94
France,FRA,8/30/2020,-4.79,15.42,-1.91,2.26
France,FRA,9/6/2020,-4.41,18.93,-0.36,6.9
France,FRA,9/13/2020,0.72,13.53,0.74,12.14
France,FRA,9/20/2020,-0.88,11.95,6.08,16.41
France,FRA,9/27/2020,-3.6,11.35,-5.52,3.35
France,FRA,10/4/2020,-1.77,17.7,1.35,11.33
Germany,DEU,1/5/2020,-2.45,-5.73,-2.38,-0.92
Germany,DEU,1/12/2020,-2.22,-1.64,-2.01,0.79
Germany,DEU,1/19/2020,1.16,-4.16,-2.66,-1.54
Germany,DEU,1/26/2020,-5.46,-0.41,-4.23,-6.29
Germany,DEU,2/2/2020,-2.66,-1.39,-1.84,-4.5
Germany,DEU,2/9/2020,-4.9,-5.08,-7.75,-6.47
Germany,DEU,2/16/2020,-3.75,-5.66,-4.35,-5.52
Germany,DEU,2/23/2020,-7.85,-6.74,-7.62,-13.47
Germany,DEU,3/1/2020,-8.38,-10.8,-8.86,-10.22
Germany,DEU,3/8/2020,-9.15,-7.17,-9.61,-6.31
Germany,DEU,3/15/2020,-4.38,0.64,-3.54,-2.92
Germany,DEU,3/22/2020,-0.71,2.91,0.35,1.04
Germany,DEU,3/29/2020,1.23,4.74,3.17,5.35
Germany,DEU,4/5/2020,2.2,9.64,12.73,15.05
Germany,DEU,4/12/2020,4.79,10.87,14.27,20.03
Germany,DEU,4/19/2020,0.66,6.86,11.01,16.78
Germany,DEU,4/26/2020,-0.86,3.28,6.68,10.55
Germany,DEU,5/3/2020,0.12,3.79,5.75,8.05
Germany,DEU,5/10/2020,-0.56,-0.9,-1.37,6.5
Germany,DEU,5/17/2020,2.1,1.78,-1.79,1.65
Germany,DEU,5/24/2020,-0.12,3.18,-0.31,8.16
Germany,DEU,5/31/2020,1.07,0.37,-2.96,1.27
Germany,DEU,6/7/2020,-1.87,5.55,0.71,11.38
Germany,DEU,6/14/2020,0.46,2.49,1.54,7.83
Germany,DEU,6/21/2020,-4.29,1.69,-4.3,1.87
Germany,DEU,6/28/2020,-0.47,5.83,0.49,8.93
Germany,DEU,7/5/2020,0.87,0.42,-3.15,1.77
Germany,DEU,7/12/2020,-0.99,-2.35,-0.28,3
Germany,DEU,7/19/2020,-2,-3.92,-1.59,-0.73
Germany,DEU,7/26/2020,-3.83,-3.38,-5.66,-2.27
Germany,DEU,8/2/2020,-0.76,-2.1,-2.22,3.53
Germany,DEU,8/9/2020,-0.64,5.34,1.8,10.79
Germany,DEU,8/16/2020,11.66,15.94,18.7,27.3
Germany,DEU,8/23/2020,-3.45,7.12,3.28,12.23
Germany,DEU,8/30/2020,-5.21,-1.73,-2.88,7.52
Germany,DEU,9/6/2020,-0.92,4.68,1.19,7.81
Germany,DEU,9/13/2020,-0.69,4.62,2.3,8.61
Germany,DEU,9/20/2020,1.08,1.25,6.23,12.22
Germany,DEU,9/27/2020,-0.93,8.57,1.46,6.54
Germany,DEU,10/4/2020,-0.52,1.95,3.45,9.62
Germany,DEU,10/11/2020,-3.37,3.36,-3.23,1.34
Germany,DEU,10/18/2020,-0.99,3.82,-2.54,4.98
Germany,DEU,10/25/2020,1.32,8.29,1.29,11.83
Germany,DEU,11/1/2020,-7.12,6.6,2.76,11
Greece,GRC,1/5/2020,1.61,9.39,-14.75,0.99
Greece,GRC,1/12/2020,2.68,1.96,-8.46,0.59
Greece,GRC,1/19/2020,-3.16,-1.83,-3.72,6.54
Greece,GRC,1/26/2020,2.49,1.04,-11.36,6.3
Greece,GRC,2/2/2020,-2.83,7.84,-0.84,15.8
Greece,GRC,2/9/2020,-0.03,0.72,-3.76,17.18
Greece,GRC,2/16/2020,9.2,1.12,1.05,19.03
Greece,GRC,2/23/2020,-5.58,-0.65,-8.17,7.54
Greece,GRC,3/1/2020,1.44,3.42,-8,10.07
Greece,GRC,3/8/2020,-1.29,4.64,-1.89,21.23
Greece,GRC,3/15/2020,-4.91,15.77,-0.64,15.87
Greece,GRC,3/22/2020,5.86,19.48,-4.53,16.5
Greece,GRC,3/29/2020,-5.97,7.4,2.43,12.14
Greece,GRC,4/5/2020,2.39,2.95,-6.79,14.24
Greece,GRC,4/12/2020,-3.62,12.84,-9.86,9.14
Greece,GRC,4/19/2020,-10.2,1.83,-7.06,9.64
Greece,GRC,4/26/2020,-8.43,-4.31,-8.83,6.22
Greece,GRC,5/3/2020,-7.37,2.52,-5.74,9.52
Greece,GRC,5/10/2020,5.72,-12.92,-7.08,3.34
Greece,GRC,5/17/2020,14.89,13.06,3.65,27.07
Greece,GRC,5/24/2020,10.07,8.72,3.14,21.81
Greece,GRC,5/31/2020,-7.63,-1.37,-19.77,-11.3
Greece,GRC,6/7/2020,-1.85,3.52,-13.4,1.14
Greece,GRC,6/14/2020,-9.1,3.68,-7.97,2.02
Greece,GRC,6/21/2020,-9.67,-3.41,-6.15,5.53
Greece,GRC,6/28/2020,-14.08,-1.83,-15.82,-3.26
Greece,GRC,7/5/2020,-1.54,12.76,2.85,26.2
Greece,GRC,7/12/2020,-9.25,2.07,-5.31,11.39
Greece,GRC,7/19/2020,-7.3,5.04,-3.95,3.79
Greece,GRC,7/26/2020,-13.34,16.09,-8.88,5.41
Greece,GRC,8/2/2020,-3.04,11.63,11.45,29.56
Greece,GRC,8/9/2020,-2.01,0.43,-3.07,14.21
Greece,GRC,8/16/2020,-17.24,5.31,-0.52,14.48
Greece,GRC,8/23/2020,0.5,10.62,-0.96,19.46
Greece,GRC,8/30/2020,2.36,17.3,-4.44,12.81
Hungary,HUN,1/5/2020,-8.91,0.42,-11.2,-16.14
Hungary,HUN,1/12/2020,-15.42,-4.7,-13.34,-11.73
Hungary,HUN,1/19/2020,-14.46,-8.8,-10.52,-13
Hungary,HUN,1/26/2020,-13.82,-1.13,-10.62,-12.39
Hungary,HUN,2/2/2020,-19.23,0.61,-5.62,-10.57
Hungary,HUN,2/9/2020,-17.86,-6.65,-12.31,-19.54
Hungary,HUN,2/16/2020,-18.22,4.12,-4.96,-12.66
Hungary,HUN,2/23/2020,-24.08,-4.5,-8.72,-13.89
Hungary,HUN,3/1/2020,-11.16,2.74,-3.01,-4.74
Hungary,HUN,3/8/2020,-16.81,0.45,-5.88,-7.78
Hungary,HUN,3/15/2020,-17.46,4.45,-3.04,-5.34
Hungary,HUN,3/22/2020,-7.33,11.59,9.98,8.51
Hungary,HUN,3/29/2020,-15.33,11.44,0.55,2.77
Hungary,HUN,4/5/2020,-6.06,8.27,-1.71,2.09
Hungary,HUN,4/12/2020,1.56,0.42,1.62,11.84
Hungary,HUN,4/19/2020,-2.69,7.84,-0.33,8.79
Hungary,HUN,4/26/2020,-9.22,4.54,-5.89,-1.59
Hungary,HUN,5/3/2020,-14.05,-6.29,-1.05,-0.77
Hungary,HUN,5/10/2020,-8.5,9.17,-1.11,-1.88
Hungary,HUN,5/17/2020,-8.13,12.5,-0.66,10.88
Hungary,HUN,5/24/2020,-19.78,6.68,-5.24,-10.9
Hungary,HUN,5/31/2020,-10.32,0.39,-2.88,-4.5
Hungary,HUN,6/7/2020,-0.05,7.19,8.04,8.55
Hungary,HUN,6/14/2020,-15.36,5.6,-1.53,10.29
Hungary,HUN,6/21/2020,-8.15,5.02,-12.27,-15.13
Hungary,HUN,6/28/2020,-0.44,12.98,-1.69,4.26
Hungary,HUN,7/5/2020,-6.81,13.49,3.88,7.2
Hungary,HUN,7/12/2020,-9.23,-1.29,-6.43,-1.02
Hungary,HUN,7/19/2020,-20.92,8.04,-5.97,-10.04
Hungary,HUN,7/26/2020,-22.44,-2.22,-9.93,-2.41
Hungary,HUN,8/2/2020,-1.69,-2.72,4.59,7.43
Hungary,HUN,8/9/2020,-0.89,8.71,0.51,-3.84
Hungary,HUN,8/16/2020,-5.92,4.47,-5.47,0.2
Hungary,HUN,8/23/2020,-4.83,14.86,-5.01,1.9
Hungary,HUN,8/30/2020,-14.56,9.02,-4.94,-5.88
Hungary,HUN,9/6/2020,-12.87,5.45,3.19,0.24
Hungary,HUN,9/13/2020,-11.68,11.12,-4.05,14.33
Hungary,HUN,9/20/2020,-4.69,11.96,11.56,3.45
Hungary,HUN,9/27/2020,-9.79,22.51,5.84,-2.84
Hungary,HUN,10/4/2020,-6.23,13.02,9.46,4.01
Hungary,HUN,10/11/2020,-12.03,10.58,5.1,5.62
Hungary,HUN,10/18/2020,-3.77,18.31,15.37,8.69
Hungary,HUN,10/25/2020,-2.61,26.23,27.71,13.37
Iceland,ISL,1/5/2020,66.67,89.66,-3.23,10.58
Iceland,ISL,1/12/2020,60.71,47.06,1.56,3.6
Iceland,ISL,1/19/2020,100,-13.79,-13.04,28.87
Iceland,ISL,1/26/2020,-9.09,35.14,2.94,50.6
Iceland,ISL,2/2/2020,-48.28,73.08,-15.25,-24.11
Iceland,ISL,2/9/2020,12.9,-10.26,-19.64,6.19
Iceland,ISL,2/16/2020,-9.09,-37.5,55.74,-5.94
Iceland,ISL,2/23/2020,-69.7,29.03,1.35,26.37
Iceland,ISL,3/1/2020,-46.43,-30.56,-18.03,34.41
Iceland,ISL,3/8/2020,8.11,-11.76,40,-0.99
Iceland,ISL,3/15/2020,21.21,-13.79,0,-20.21
Iceland,ISL,3/22/2020,-21.88,15.38,14.58,-15
Iceland,ISL,3/29/2020,12.5,-11.76,22.81,-36.89
Iceland,ISL,4/5/2020,-6.25,29.03,82.69,-20.79
Iceland,ISL,4/12/2020,52.78,-16.67,18.18,2.27
Iceland,ISL,4/19/2020,-12.5,30.43,-10.45,64.77
Iceland,ISL,4/26/2020,-50,-52.38,31.58,-27.71
Iceland,ISL,5/3/2020,7.14,40.62,1.85,4.65
Iceland,ISL,5/10/2020,11.11,-35.48,35.42,-34.07
Iceland,ISL,5/17/2020,7.14,0,9.09,-13.98
Iceland,ISL,5/24/2020,-25,51.52,9.37,12.5
Iceland,ISL,5/31/2020,48.15,-21.88,22.95,19.57
Iceland,ISL,6/7/2020,-44.44,7.14,-39.66,-18.75
Iceland,ISL,6/14/2020,9.37,-14.63,13.64,-6.25
Iceland,ISL,6/21/2020,6.06,25,-20,-43.66
Iceland,ISL,6/28/2020,71.05,-54.55,-46.43,-42.71
Iceland,ISL,7/5/2020,-2.78,-34.21,-23.08,-12.16
Iceland,ISL,7/12/2020,50,0,22.81,4.84
Iceland,ISL,7/19/2020,96.97,-47.37,18.18,-11.76
Iceland,ISL,7/26/2020,32.35,-25,-33.82,-38.27
Iceland,ISL,8/2/2020,57.89,4.17,-13.79,-17.72
Iceland,ISL,8/9/2020,28.57,-6.25,-4.76,-17.65
Iceland,ISL,8/16/2020,76.47,37.93,-43.4,5.26
Iceland,ISL,8/23/2020,15.38,12.9,-19.64,-48.86
Iceland,ISL,8/30/2020,-20,-14.29,-28.57,-20
Iceland,ISL,9/6/2020,28.21,60,12.07,57.53
Iceland,ISL,9/13/2020,28.57,-6.25,-46.15,1.27
Iceland,ISL,9/20/2020,12.5,2.94,-6.78,20
Iceland,ISL,9/27/2020,-34.21,21.62,-38.36,-35.64
Iceland,ISL,10/4/2020,-19.35,-51.61,-4.76,-2.3
Iceland,ISL,10/11/2020,-18.92,45.83,60.71,2.15
Iceland,ISL,10/18/2020,61.29,-30.56,1.69,19.05
Iceland,ISL,10/25/2020,-25.53,0,-5.66,32.53
Iceland,ISL,11/1/2020,-35.48,122.22,52.54,17.98
Israel,ISR,1/5/2020,1.7,11.83,3.11,13.29
Israel,ISR,1/12/2020,-5.8,2.69,-9.76,-0.52
Israel,ISR,1/19/2020,4.78,12.97,1.47,8.04
Israel,ISR,1/26/2020,5.44,3.08,-13.31,-5.68
Israel,ISR,2/2/2020,-8,3.84,-9.92,-8.08
Israel,ISR,2/9/2020,-22.11,1.39,-11.53,-9.14
Israel,ISR,2/16/2020,-1.49,-0.93,-6.56,1.59
Israel,ISR,2/23/2020,-3.16,5.6,-2.68,2.74
Israel,ISR,3/1/2020,5.34,-0.12,-12.44,-8.07
Israel,ISR,3/8/2020,-2.44,5.84,-4.39,-0.95
Israel,ISR,3/15/2020,-7.89,15.85,3.99,6.04
Israel,ISR,3/22/2020,-18.65,5.74,3.18,12.75
Israel,ISR,3/29/2020,8.29,23.09,5.38,11.18
Israel,ISR,4/5/2020,-4.52,43.65,22.46,15.23
Israel,ISR,4/12/2020,-0.28,17.65,1.71,5.05
Israel,ISR,4/19/2020,-0.41,28.37,12.49,11.48
Israel,ISR,4/26/2020,-4.84,3.37,7.31,12.14
Israel,ISR,5/3/2020,-4.86,17.28,1.58,-0.3
Israel,ISR,5/10/2020,-13.85,8.83,5.75,12.65
Israel,ISR,5/17/2020,0.75,21.14,4.93,4.08
Israel,ISR,5/24/2020,11.13,19.12,18.83,26.75
Israel,ISR,5/31/2020,1.82,23.31,1.62,3.22
Israel,ISR,6/7/2020,8.48,11.4,-1.22,2.63
Israel,ISR,6/14/2020,-4.31,12.09,3.69,6.11
Israel,ISR,6/21/2020,-3.06,13.69,3.98,4.01
Israel,ISR,6/28/2020,10.03,10.74,-2.98,1.11
Israel,ISR,7/5/2020,-7.9,11.94,-0.77,3.3
Israel,ISR,7/12/2020,-5.67,19.92,13.21,13.51
Israel,ISR,7/19/2020,6.08,31.09,6.9,8.22
Israel,ISR,7/26/2020,0.83,12.8,0.21,4.18
Israel,ISR,8/2/2020,8.45,28.09,24.66,26.29
Israel,ISR,8/9/2020,5.11,17.13,3.57,12.66
Israel,ISR,8/16/2020,27.26,17.35,14.32,32.79
Israel,ISR,8/23/2020,10.37,40.35,20.3,9.64
Israel,ISR,8/30/2020,1.58,27.08,13.64,18.17
Israel,ISR,9/6/2020,4.41,29.7,15.53,17.43
Israel,ISR,9/13/2020,28.18,40.36,23.06,24.76
Israel,ISR,9/20/2020,8.57,41.73,27.66,34.04
Israel,ISR,9/27/2020,6.8,57.17,30.99,30.42
Israel,ISR,10/4/2020,-3.24,45.9,33.93,31.72
Israel,ISR,10/11/2020,25.37,62.61,35.72,35.96
Israel,ISR,10/18/2020,-8.25,46.72,33.69,39.4
Italy,ITA,1/5/2020,-0.64,-6.31,-9.12,-9.47
Italy,ITA,1/12/2020,-4.23,-1.39,-11.09,-4.99
Italy,ITA,1/19/2020,-0.98,-4.29,-5.59,-3.82
Italy,ITA,1/26/2020,0.47,0.96,-6.44,1.36
Italy,ITA,2/2/2020,-2,2.24,-7.07,1.92
Italy,ITA,2/9/2020,-1.58,0.63,-5.07,2.52
Italy,ITA,2/16/2020,4.97,2.25,-3.4,3.72
Italy,ITA,2/23/2020,-2.47,0.73,-1.91,3.3
Italy,ITA,3/1/2020,1.68,5.08,0.58,8.09
Italy,ITA,3/8/2020,6.67,18.52,15.48,15.68
Italy,ITA,3/15/2020,21.09,52.34,55.66,45.41
Italy,ITA,3/22/2020,45.78,97.46,97.04,79.6
Italy,ITA,3/29/2020,59.8,108.03,107.61,95.72
Italy,ITA,4/5/2020,41.4,76.95,75.61,89.84
Italy,ITA,4/12/2020,26,54.25,65.49,76.69
Italy,ITA,4/19/2020,17.74,34.17,42.31,62.85
Italy,ITA,4/26/2020,12.52,24.06,25.35,44.03
Italy,ITA,5/3/2020,6.69,19.46,11.46,28.47
Italy,ITA,5/10/2020,10.98,12.4,10.75,18.81
Italy,ITA,5/17/2020,6.95,10.08,7.82,15.8
Italy,ITA,5/24/2020,8.1,6.37,0.66,8.45
Italy,ITA,5/31/2020,3.66,8.68,-2.66,6.09
Italy,ITA,6/7/2020,-2.73,3.78,-1.3,6.08
Italy,ITA,6/14/2020,-0.3,-0.86,-2.92,0.72
Italy,ITA,6/21/2020,0.89,4.27,-1.98,8.49
Italy,ITA,6/28/2020,4.14,4.51,6.68,19.61
Italy,ITA,7/5/2020,5.75,8.42,6.48,18.86
Italy,ITA,7/12/2020,-2.75,10.23,-1.92,3.55
Italy,ITA,7/19/2020,-9.62,3.13,-3.89,0.79
Italy,ITA,7/26/2020,5.11,2.59,-4.51,-0.39
Italy,ITA,8/2/2020,4.87,9.55,5.25,17.96
Italy,ITA,8/9/2020,3.1,2.39,-1.03,4.98
Italy,ITA,8/16/2020,-0.8,8.05,7.73,19.37
Italy,ITA,8/23/2020,0.82,7.43,3.4,19.02
Italy,ITA,8/30/2020,2.6,4.72,1.26,13.84
Latvia,LVA,1/5/2020,-14.6,-12.25,1.99,11.25
Latvia,LVA,1/12/2020,-12.31,-4.32,-14.89,12.1
Latvia,LVA,1/19/2020,-21.02,-15.67,-12.08,-12.4
Latvia,LVA,1/26/2020,-16.9,-9,-12.25,-0.83
Latvia,LVA,2/2/2020,-14.18,-14.68,-5.35,-5.72
Latvia,LVA,2/9/2020,-21.38,-3.72,-14.65,2.02
Latvia,LVA,2/16/2020,-23.25,2.25,-12.67,-4.03
Latvia,LVA,2/23/2020,-5.59,-15.64,-19.03,-10.97
Latvia,LVA,3/1/2020,-26.88,-34.1,-34.7,-18.73
Latvia,LVA,3/8/2020,-17.39,-28.69,-23.53,-20.19
Latvia,LVA,3/15/2020,-27.13,-8.76,-24.49,6.84
Latvia,LVA,3/22/2020,-15.08,1.62,-10.47,1.6
Latvia,LVA,3/29/2020,-20.03,-26.64,-10.44,5.23
Latvia,LVA,4/5/2020,-13.18,-13.98,-0.22,8.97
Latvia,LVA,4/12/2020,-25.04,-6.6,-12.87,-12.99
Latvia,LVA,4/19/2020,-6.4,15.01,-4.39,13.14
Latvia,LVA,4/26/2020,-12.46,-13.2,6.6,4.11
Latvia,LVA,5/3/2020,-1.17,4.12,7.83,4.11
Latvia,LVA,5/10/2020,-11.15,21.54,8.62,9.48
Latvia,LVA,5/17/2020,10.39,6.95,-9.99,-10.91
Latvia,LVA,5/24/2020,-12.09,18.9,16.05,5.3
Latvia,LVA,5/31/2020,-14.84,2.12,0,-5.54
Latvia,LVA,6/7/2020,4.67,-11.11,18.49,-12.95
Latvia,LVA,6/14/2020,-16.52,11.97,11.85,29.95
Latvia,LVA,6/21/2020,-4.69,-5.19,-6.83,-6.2
Latvia,LVA,6/28/2020,-15.68,-6.32,-15.08,21.31
Latvia,LVA,7/5/2020,32.28,-3.36,16.32,39.19
Latvia,LVA,7/12/2020,-8.64,1.48,-15.18,-4.48
Latvia,LVA,7/19/2020,-10.41,-20.04,-5.54,12.52
Latvia,LVA,7/26/2020,-4.1,12.9,-0.68,-7.44
Latvia,LVA,8/2/2020,-17.2,-1.03,0.42,22.07
Latvia,LVA,8/9/2020,-10.15,-10.37,0.88,3.45
Latvia,LVA,8/16/2020,-8.93,3.34,-2.82,25.19
Latvia,LVA,8/23/2020,-1.16,17.71,11.55,16.64
Latvia,LVA,8/30/2020,-3.98,20.18,4.03,5.14
Latvia,LVA,9/6/2020,-10.56,4.46,-5.79,1.13
Latvia,LVA,9/13/2020,-21.65,-6.64,-0.91,17.37
Latvia,LVA,9/20/2020,-13.19,-7.89,-4.28,15.73
Latvia,LVA,9/27/2020,-23.38,2.82,-16.35,3.55
Latvia,LVA,10/4/2020,1.11,-12.37,14.52,9.13
Latvia,LVA,10/11/2020,0.69,8.57,-1.53,-5.02
Latvia,LVA,10/18/2020,-5.83,-11.09,-10.4,4.23
Latvia,LVA,10/25/2020,-5.89,19.79,23.67,-4.88
Latvia,LVA,11/1/2020,-7.13,5.06,-0.49,9.93
Latvia,LVA,11/8/2020,4.27,12.64,0.48,13.67
Latvia,LVA,11/15/2020,-13.19,17.82,-2.12,31.66
Lithuania,LTU,1/5/2020,-2.76,-3.8,-13.74,-2.82
Lithuania,LTU,1/12/2020,5.51,-16.24,-9.37,-13.82
Lithuania,LTU,1/19/2020,-15.39,-19.4,-12.76,-13.72
Lithuania,LTU,1/26/2020,-15.27,-15,-12.74,-12.51
Lithuania,LTU,2/2/2020,-20.27,-20.6,-1.05,-24.98
Lithuania,LTU,2/9/2020,-0.11,-21.82,-18.75,-15.53
Lithuania,LTU,2/16/2020,-9.71,-4.07,-19.87,4.84
Lithuania,LTU,2/23/2020,-18.08,-17.58,-32.16,-13.79
Lithuania,LTU,3/1/2020,-16.5,7.66,-13.54,-0.45
Lithuania,LTU,3/8/2020,-12.1,-0.81,-15.66,-2.5
Lithuania,LTU,3/15/2020,-5.72,-6.04,-6.43,-4.86
Lithuania,LTU,3/22/2020,-3.19,4.72,-2.67,1.07
Lithuania,LTU,3/29/2020,-9.79,1.74,8.23,12.28
Lithuania,LTU,4/5/2020,-9.79,0.15,-1.65,1.16
Lithuania,LTU,4/12/2020,7.38,16.35,-15.09,5.04
Lithuania,LTU,4/19/2020,4.61,6.1,-6.12,-1.83
Lithuania,LTU,4/26/2020,6.9,17.2,-14.32,9.78
Lithuania,LTU,5/3/2020,7.91,3.72,-1.6,2.5
Lithuania,LTU,5/10/2020,-5.48,1.33,-9.65,-7.77
Lithuania,LTU,5/17/2020,-8.61,-1.17,6.48,0.96
Lithuania,LTU,5/24/2020,-8.94,-15.44,-9.05,-0.91
Lithuania,LTU,5/31/2020,3.75,8.57,-7.51,-2.55
Lithuania,LTU,6/7/2020,11.44,-8.55,-3.04,-3.56
Lithuania,LTU,6/14/2020,17.16,15.45,7.86,20.64
Lithuania,LTU,6/21/2020,-1.96,14.5,4.81,12.27
Lithuania,LTU,6/28/2020,5.21,45.33,-0.18,9.73
Lithuania,LTU,7/5/2020,-5.81,8.21,1.63,-6.38
Lithuania,LTU,7/12/2020,4.93,0.16,0.81,-4.64
Lithuania,LTU,7/19/2020,-1.68,14.24,11.84,8.2
Lithuania,LTU,7/26/2020,-4.14,4.67,-4.83,8.21
Lithuania,LTU,8/2/2020,0,9.47,1.2,1.7
Lithuania,LTU,8/9/2020,-4.35,1.23,-1.62,10.16
Lithuania,LTU,8/16/2020,-2.48,25.8,4.63,5.05
Lithuania,LTU,8/23/2020,1.92,8.59,9.41,30.46
Lithuania,LTU,8/30/2020,4,9.68,-4.34,0.1
Lithuania,LTU,9/6/2020,4.45,13.98,-22.67,5.83
Lithuania,LTU,9/13/2020,17.75,14.73,7.07,1.27
Lithuania,LTU,9/20/2020,-1.05,-7.07,-4.9,18.67
Lithuania,LTU,9/27/2020,-2.58,25.19,-2.65,17.45
Lithuania,LTU,10/4/2020,-2.75,-9.43,-0.38,6.52
Lithuania,LTU,10/11/2020,-0.95,11.45,3.82,9.68
Lithuania,LTU,10/18/2020,8.74,12.43,-2.28,8.85
Lithuania,LTU,10/25/2020,-0.11,14.78,0.82,18.06
Lithuania,LTU,11/1/2020,-13.2,5.41,-10.13,8.17
Lithuania,LTU,11/8/2020,-2.67,26.74,9.5,37.37
Luxembourg,LUX,1/5/2020,-31.82,-17.91,-26.92,-30.72
Luxembourg,LUX,1/12/2020,0,-43.75,14.17,-10.11
Luxembourg,LUX,1/19/2020,3.66,-10.45,8,3.77
Luxembourg,LUX,1/26/2020,-9.09,15.38,-4,-5.71
Luxembourg,LUX,2/2/2020,-26.83,-15.73,1.63,-10.05
Luxembourg,LUX,2/9/2020,23.19,-66.67,12,-4.52
Luxembourg,LUX,2/16/2020,-41.18,2.94,-30.46,-33.7
Luxembourg,LUX,2/23/2020,12.5,46.55,-17.39,-22.11
Luxembourg,LUX,3/1/2020,-12.7,-37.5,-22.48,-2.94
Luxembourg,LUX,3/8/2020,-6.67,-5.94,-6.02,-17.91
Luxembourg,LUX,3/15/2020,66.67,8.7,-7.08,-0.58
Luxembourg,LUX,3/22/2020,-68.35,19.05,31.58,10.47
Luxembourg,LUX,3/29/2020,25,-1.32,-0.76,65.66
Luxembourg,LUX,4/5/2020,-22.54,4.48,2.68,22.75
Luxembourg,LUX,4/12/2020,26.87,83.67,75.26,56.25
Luxembourg,LUX,4/19/2020,-24.66,13.21,16.38,29.25
Luxembourg,LUX,4/26/2020,13.21,-17.91,23.71,15.89
Luxembourg,LUX,5/3/2020,-34.78,-51.61,9.89,18.52
Luxembourg,LUX,5/10/2020,8.7,56.25,21.36,18.32
Luxembourg,LUX,5/17/2020,-7.69,10.17,-26.47,40.62
Luxembourg,LUX,5/24/2020,41.67,-19.35,-33.33,18.71
Luxembourg,LUX,5/31/2020,9.37,48.15,3.26,10.29
Luxembourg,LUX,6/7/2020,18.42,-14.06,-8.6,1.5
Luxembourg,LUX,6/14/2020,4.84,-37.5,-7.41,-8.09
Luxembourg,LUX,6/21/2020,19.72,0,15.85,27.05
Luxembourg,LUX,6/28/2020,4.84,66.67,-61.11,5.26
Luxembourg,LUX,7/5/2020,-45.95,25,-35.19,27.91
Luxembourg,LUX,7/12/2020,1.56,-38.36,-19.81,9.68
Luxembourg,LUX,7/19/2020,-1.52,60.38,-22.02,-7.69
Luxembourg,LUX,7/26/2020,-11.76,27.12,-16.67,-6.47
Luxembourg,LUX,8/2/2020,-4.76,17.19,27.66,27.91
Luxembourg,LUX,8/9/2020,51.52,-34.43,-5,56.03
Luxembourg,LUX,8/16/2020,7.69,-2.6,55.91,55.3
Luxembourg,LUX,8/23/2020,-28.57,69.81,13.1,-10.71
Luxembourg,LUX,8/30/2020,-5.17,-63.77,-41.67,13.64
Luxembourg,LUX,9/6/2020,-6.25,15.38,48.94,-7.28
Luxembourg,LUX,9/13/2020,-21.88,25,-27.93,20.3
Luxembourg,LUX,9/20/2020,39.34,49.12,16.67,26.98
Luxembourg,LUX,9/27/2020,-5.8,-7.14,-36.94,4.03
Netherlands,NLD,1/5/2020,-12.69,3.53,-8.23,-4.86
Netherlands,NLD,1/12/2020,-0.05,0.19,8.86,-4.46
Netherlands,NLD,1/19/2020,-2.9,-2.18,-0.73,-7.58
Netherlands,NLD,1/26/2020,-19.51,2.22,-5.64,-11.36
Netherlands,NLD,2/2/2020,2.51,-2.98,-3.82,-7.6
Netherlands,NLD,2/9/2020,-9.97,0.44,0.13,-4.44
Netherlands,NLD,2/16/2020,-4.69,2.83,-3.95,-6.07
Netherlands,NLD,2/23/2020,-22.99,-8.98,-11.62,-11.58
Netherlands,NLD,3/1/2020,-6.51,-4.6,-2.48,-9.39
Netherlands,NLD,3/8/2020,-12.49,-4.74,-3.69,-8.64
Netherlands,NLD,3/15/2020,-8.6,-0.69,6.23,0.8
Netherlands,NLD,3/22/2020,1.38,24.62,24.73,15.46
Netherlands,NLD,3/29/2020,20.17,46.03,62.23,44.9
Netherlands,NLD,4/5/2020,20.22,62.11,88.99,89.97
Netherlands,NLD,4/12/2020,19.1,55.64,92.71,91.15
Netherlands,NLD,4/19/2020,4.75,30.45,60.18,73.93
Netherlands,NLD,4/26/2020,12.71,32.81,43.8,49
Netherlands,NLD,5/3/2020,13.08,15.79,28.81,27.68
Netherlands,NLD,5/10/2020,-4.74,7.4,12.4,7.01
Netherlands,NLD,5/17/2020,-2.77,-0.04,-1.26,5.84
Netherlands,NLD,5/24/2020,-9.33,5.12,4.13,2.48
Netherlands,NLD,5/31/2020,-9.51,2.87,2.44,1.67
Netherlands,NLD,6/7/2020,-4.28,5.03,8.79,-3.14
Netherlands,NLD,6/14/2020,5.73,0.62,2.97,1.59
Netherlands,NLD,6/21/2020,-4.65,10.26,1.77,2.75
Netherlands,NLD,6/28/2020,-7.83,4.89,0.24,-0.08
Netherlands,NLD,7/5/2020,-0.91,-4.44,-1.91,-5.43
Netherlands,NLD,7/12/2020,-1.78,2.62,-1.01,-1.02
Netherlands,NLD,7/19/2020,-9.61,-4.65,-3.18,-4.1
Netherlands,NLD,7/26/2020,-0.71,-0.08,0.11,-1.52
Netherlands,NLD,8/2/2020,-6.2,-0.12,7.97,2.74
Netherlands,NLD,8/9/2020,2.08,-1.07,1.94,-0.95
Netherlands,NLD,8/16/2020,17.49,21.71,19.91,32.65
Netherlands,NLD,8/23/2020,8.32,-3.4,15.56,11.84
Netherlands,NLD,8/30/2020,-13.33,8.19,2.85,12.87
Netherlands,NLD,9/6/2020,1.98,-5.46,9.4,6.14
Netherlands,NLD,9/13/2020,-4.31,8.24,5.33,2.75
Netherlands,NLD,9/20/2020,-3.5,1.46,6.88,4.8
Netherlands,NLD,9/27/2020,-7.38,-0.48,17.3,8.99
Netherlands,NLD,10/4/2020,0.77,6.04,15.31,12.01
Netherlands,NLD,10/11/2020,-13.28,14.55,7.23,11.46
Netherlands,NLD,10/18/2020,5.63,12.51,22.85,17.5
Netherlands,NLD,10/25/2020,-2.03,15.21,36.95,24.84
Netherlands,NLD,11/1/2020,-1.99,23.46,47.17,34.06
Netherlands,NLD,11/8/2020,-2.77,30.15,29.54,32.32
Netherlands,NLD,11/15/2020,-2.57,21.6,28.39,32.09
Netherlands,NLD,11/22/2020,5.03,20.34,14.95,16.43
New Zealand,NZL,1/5/2020,5.85,5.33,5.23,0.86
New Zealand,NZL,1/12/2020,-3.92,5.5,1.39,-4.64
New Zealand,NZL,1/19/2020,6.04,10.88,14.88,13.07
New Zealand,NZL,1/26/2020,-0.69,5.16,6.98,4.74
New Zealand,NZL,2/2/2020,17.49,0.82,5.13,6.01
New Zealand,NZL,2/9/2020,4.15,-6.75,3.04,9.34
New Zealand,NZL,2/16/2020,7.72,16.9,15.75,9.51
New Zealand,NZL,2/23/2020,5.38,7.97,11.61,10.47
New Zealand,NZL,3/1/2020,-13.98,-4.04,8.26,13.74
New Zealand,NZL,3/8/2020,-14.01,17.68,13.26,5.73
New Zealand,NZL,3/15/2020,2.64,-3.65,2.46,4.42
New Zealand,NZL,3/22/2020,9.92,-5.52,5.03,11.03
New Zealand,NZL,3/29/2020,-3.99,0.6,6.66,6.55
New Zealand,NZL,4/5/2020,-1.14,8.22,9.93,6.88
New Zealand,NZL,4/12/2020,-6.42,22.66,18.67,9.81
New Zealand,NZL,4/19/2020,-13,15.13,14.7,11.11
New Zealand,NZL,4/26/2020,1.1,-5.85,4.98,10.17
New Zealand,NZL,5/3/2020,-13.04,-8.62,-5.48,-7.73
New Zealand,NZL,5/10/2020,-5.29,0.26,1.15,1.14
New Zealand,NZL,5/17/2020,3.06,1.63,1.79,-1.85
New Zealand,NZL,5/24/2020,-4.07,-1.14,-2.72,-7.26
New Zealand,NZL,5/31/2020,-8.18,-0.13,-6.23,-15.35
New Zealand,NZL,6/7/2020,-3.71,-1.16,-5.06,-12.93
New Zealand,NZL,6/14/2020,-8.52,-8.54,-2.22,1
New Zealand,NZL,6/21/2020,-7.75,-18.58,-6.36,1.03
New Zealand,NZL,6/28/2020,-11.43,-2.37,-4.87,-10.99
New Zealand,NZL,7/5/2020,-5.48,1.86,-6.31,-17.51
New Zealand,NZL,7/12/2020,-9.78,-9.77,-12.52,-15.14
New Zealand,NZL,7/19/2020,-5.83,1.66,-0.83,-6.86
New Zealand,NZL,7/26/2020,5.36,11.04,-4.54,-19.69
New Zealand,NZL,8/2/2020,-10.79,4.64,-4.56,-15.12
New Zealand,NZL,8/9/2020,-15.79,-5.28,-8.66,-16.09
New Zealand,NZL,8/16/2020,-23.46,-6.77,-7.66,-11.03
New Zealand,NZL,8/23/2020,-11.49,-1.39,-0.21,-5.46
New Zealand,NZL,8/30/2020,7.21,-6.34,-14.92,-22.83
New Zealand,NZL,9/6/2020,-2.31,-1.59,-3.61,-9.92
New Zealand,NZL,9/13/2020,-5.86,-6.73,-6.42,-11.61
New Zealand,NZL,9/20/2020,-5.63,-3.21,-9.24,-16.71
New Zealand,NZL,9/27/2020,2.54,-7.25,-6.86,-8.43
New Zealand,NZL,10/4/2020,7.14,8.3,2.17,-6.45
New Zealand,NZL,10/11/2020,-3.76,-6.74,-7.03,-11
New Zealand,NZL,10/18/2020,0.53,2.77,2.8,-3.36
New Zealand,NZL,10/25/2020,30.41,6.9,9.45,6.06
New Zealand,NZL,11/1/2020,-7,0.64,-3.72,-14.52
New Zealand,NZL,11/8/2020,-13.46,5.82,3.84,-1.82
Northern Ireland,,1/5/2020,-23.98,-6.35,-11.82,-14.67
Northern Ireland,,1/12/2020,-9.68,-3.67,13.96,-8.45
Northern Ireland,,1/19/2020,13.03,20.68,13.26,-8.84
Northern Ireland,,1/26/2020,-19.35,-8.77,-5.77,-6.08
Northern Ireland,,2/2/2020,6.23,-7.29,-14.68,-10.96
Northern Ireland,,2/9/2020,3.24,-11.1,4.6,1.53
Northern Ireland,,2/16/2020,-10.36,-16.35,-7.37,4.95
Northern Ireland,,2/23/2020,-17.54,-20.27,-4.67,-22.69
Northern Ireland,,3/1/2020,-19.34,4.81,23.23,0.54
Northern Ireland,,3/8/2020,-3.91,-10.21,7,-28.34
Northern Ireland,,3/15/2020,20.75,18.42,9.17,-14.59
Northern Ireland,,3/22/2020,-23.08,-13.6,-6.18,-17.24
Northern Ireland,,3/29/2020,11.57,-17.28,5.62,-18.58
Northern Ireland,,4/5/2020,91.78,30.19,69.27,49.3
Northern Ireland,,4/12/2020,68.8,33.21,43.18,46.07
Northern Ireland,,4/19/2020,21.51,1.92,73.17,59.05
Northern Ireland,,4/26/2020,27.31,25,64.01,85.69
Northern Ireland,,5/3/2020,6.78,39.29,40.17,67.75
Northern Ireland,,5/10/2020,14.58,5.93,24.69,30.88
Northern Ireland,,5/17/2020,16.98,55.6,19.49,48.57
Northern Ireland,,5/24/2020,-2.16,35,-10.33,28.29
Northern Ireland,,5/31/2020,-5.29,13.28,37.23,34.52
Northern Ireland,,6/7/2020,7.39,2.27,16.03,-3.97
Northern Ireland,,6/14/2020,12.36,7.72,1.69,-3.77
Northern Ireland,,6/21/2020,-13.66,23.29,21.04,-2.88
Northern Ireland,,6/28/2020,24.51,-3.04,-11.33,9.11
Northern Ireland,,7/5/2020,28.26,-10.54,10,-6.05
Northern Ireland,,7/12/2020,74.64,18.23,0.29,3.27
Northern Ireland,,7/19/2020,-9.91,-30.5,-9.21,1.29
Northern Ireland,,7/26/2020,19.81,32.61,6.9,-3.83
Northern Ireland,,8/2/2020,16.36,12.07,-19.28,-4.4
Northern Ireland,,8/9/2020,5.49,22.27,14.49,2.17
Northern Ireland,,8/16/2020,30.08,23.87,-17.51,5.92
Northern Ireland,,8/23/2020,31.58,17.52,18.09,4.48
Northern Ireland,,8/30/2020,11.9,23.87,41.21,14.61
Northern Ireland,,9/6/2020,-8.12,-27.48,-9.62,0
Northern Ireland,,9/13/2020,-11.54,-1.64,2.53,4.25
Northern Ireland,,9/20/2020,32.92,53.59,17.6,-10.38
Northern Ireland,,9/27/2020,38.21,-1.23,7.39,16.26
Northern Ireland,,10/4/2020,-11.03,-9.17,31.34,19.99
Northern Ireland,,10/11/2020,7.02,8.43,13.75,30.68
Northern Ireland,,10/18/2020,-20.23,-19.01,-4.11,9.6
Northern Ireland,,10/25/2020,18.05,49.55,37.09,47.68
Northern Ireland,,11/1/2020,9.31,24.48,35.61,32.09
Northern Ireland,,11/8/2020,34.31,13.78,50.71,27.54
Norway,NOR,1/5/2020,0.18,-1.32,-10.38,-9.48
Norway,NOR,1/12/2020,4.55,-1.43,4.67,4.4
Norway,NOR,1/19/2020,-22.7,2.76,-4.37,-8.85
Norway,NOR,1/26/2020,-11.82,4.84,2.45,-5.63
Norway,NOR,2/2/2020,7.21,-8.1,-10.11,-13.11
Norway,NOR,2/9/2020,-10.16,6.41,-10.67,-9.21
Norway,NOR,2/16/2020,3.79,2.13,-8.46,-1.49
Norway,NOR,2/23/2020,-4.85,-11.02,7.85,-13.89
Norway,NOR,3/1/2020,-4.68,-4.86,13.98,-13.13
Norway,NOR,3/8/2020,-9.86,2.94,-8.89,-10.14
Norway,NOR,3/15/2020,8.53,-4.73,-3.77,0.65
Norway,NOR,3/22/2020,14,10.22,11.53,-17.85
Norway,NOR,3/29/2020,13.77,4.39,21.72,2.8
Norway,NOR,4/5/2020,-6.73,8.7,-1.89,8.33
Norway,NOR,4/12/2020,-5.33,-3.32,21.06,7.37
Norway,NOR,4/19/2020,-18.15,19.01,3.48,11.28
Norway,NOR,4/26/2020,4.2,10.58,4.95,-9.25
Norway,NOR,5/3/2020,-7.1,5.3,17.77,-6.75
Norway,NOR,5/10/2020,1.43,11.2,11.4,-10.75
Norway,NOR,5/17/2020,-11.94,0,-3.14,-6.47
Norway,NOR,5/24/2020,1.85,1.94,7.67,-3.91
Norway,NOR,5/31/2020,-5.7,-7.19,1.2,-12.9
Norway,NOR,6/7/2020,8.83,-4.84,-8.85,-7.4
Norway,NOR,6/14/2020,-8.82,7.2,0.11,1.89
Norway,NOR,6/21/2020,4.54,-1.98,6.61,-0.13
Norway,NOR,6/28/2020,-17.42,10.93,-2.21,-12.61
Norway,NOR,7/5/2020,-9.36,-6.15,-9.09,-4.45
Norway,NOR,7/12/2020,5.68,-13.93,-0.77,-12.04
Norway,NOR,7/19/2020,-1.89,11.45,1.68,4.63
Norway,NOR,7/26/2020,-8.49,9.32,-2.9,4.04
Norway,NOR,8/2/2020,-4.23,14.93,7.41,9.25
Norway,NOR,8/9/2020,-8.75,11.11,2.71,3.62
Norway,NOR,8/16/2020,-1.47,1.43,8.34,1.94
Norway,NOR,8/23/2020,9.13,-3.07,0.99,6.75
Norway,NOR,8/30/2020,-7.48,-29.29,10.47,-2.09
Norway,NOR,9/6/2020,-12.64,-17.51,3.28,5.3
Norway,NOR,9/13/2020,2.94,11.95,25.95,2.46
Norway,NOR,9/20/2020,-9.63,6.47,22.26,3.68
Norway,NOR,9/27/2020,-21.46,3.91,5.5,0.72
Norway,NOR,10/4/2020,-10.62,-1.96,4.08,18.09
Norway,NOR,10/11/2020,-14.79,-3.25,8.72,-4.73
Norway,NOR,10/18/2020,-22.33,-12.77,4.26,-4.37
Norway,NOR,10/25/2020,-7.28,13.82,17.01,-5.85
Norway,NOR,11/1/2020,16.4,1.79,2.85,-5.39
Poland,POL,1/5/2020,-12.45,17.23,-15.74,11.24
Poland,POL,1/12/2020,-15.05,15.59,-18.87,7.92
Poland,POL,1/19/2020,-17.79,15.11,-20.64,4.66
Poland,POL,1/26/2020,-18.32,10.55,-20.08,1.99
Poland,POL,2/2/2020,-17.48,12.61,-13.64,5.71
Poland,POL,2/9/2020,-18.41,12.18,-18.74,5.56
Poland,POL,2/16/2020,-16.09,12.75,-16.3,9.02
Poland,POL,2/23/2020,-17.42,12.61,-15.97,7.95
Poland,POL,3/1/2020,-19.14,10.54,-14.84,9.52
Poland,POL,3/8/2020,-14.51,9.99,-13.22,6.23
Poland,POL,3/15/2020,-15.34,20,-15.72,13.8
Poland,POL,3/22/2020,-13.65,17.04,-12.52,13.54
Poland,POL,3/29/2020,-15.2,14.06,-8.5,11.3
Poland,POL,4/5/2020,-13.85,22.72,-9.92,6.45
Poland,POL,4/12/2020,-11.66,18.98,-8.09,12.78
Poland,POL,4/19/2020,-7.72,22.79,-5.77,23.26
Poland,POL,4/26/2020,-10.38,14.79,-10.71,14.36
Poland,POL,5/3/2020,-9.06,16.44,-4.76,15.88
Poland,POL,5/10/2020,-5.92,17.83,-7.26,13.43
Poland,POL,5/17/2020,-6.75,20.74,-3.36,13.46
Poland,POL,5/24/2020,-7.24,20.47,-10.37,15.79
Poland,POL,5/31/2020,-4.84,24.64,-10.25,15.68
Poland,POL,6/7/2020,-5.39,27.61,-5.34,19.75
Poland,POL,6/14/2020,-9.51,28.13,-0.98,15.22
Poland,POL,6/21/2020,-12.79,17.07,-7.25,18.07
Poland,POL,6/28/2020,-7.36,21.34,-4.57,13.99
Poland,POL,7/5/2020,-4.29,24.98,-3.13,21.29
Poland,POL,7/12/2020,-6.86,21.13,-3.72,9.89
Poland,POL,7/19/2020,-4.03,27.01,-7.15,12.9
Poland,POL,7/26/2020,-8.22,20.31,-5.4,9.69
Poland,POL,8/2/2020,-9.99,20.77,2.8,19.86
Poland,POL,8/9/2020,-1.53,27.61,-1.44,22.11
Poland,POL,8/16/2020,-2.39,34.01,9.59,23.02
Poland,POL,8/23/2020,1.93,34.8,2.52,28.03
Poland,POL,8/30/2020,-14.03,23.69,-2.11,13.58
Poland,POL,9/6/2020,-4.17,24.44,1.71,12.9
Poland,POL,9/13/2020,-8.32,30.24,1.59,23.41
Poland,POL,9/20/2020,-0.37,28.35,3.24,27.27
Poland,POL,9/27/2020,-5.41,28.35,2.77,19.98
Poland,POL,10/4/2020,-4.3,29.83,-0.84,16.98
Poland,POL,10/11/2020,2.47,36.98,13.92,29.06
Poland,POL,10/18/2020,6.29,47.37,32.46,39.39
Poland,POL,10/25/2020,23.17,80.32,63.73,74.74
Poland,POL,11/1/2020,36.51,116.08,92.52,101.49
Portugal,PRT,1/5/2020,-8.87,-3.64,-16.48,-8.34
Portugal,PRT,1/12/2020,-0.76,1.45,-13.71,-2.2
Portugal,PRT,1/19/2020,0.22,-2.8,-12.82,3.26
Portugal,PRT,1/26/2020,-12.26,4.96,-9.75,-3.39
Portugal,PRT,2/2/2020,-3.36,18.23,-7.08,0.46
Portugal,PRT,2/9/2020,-4.52,-12.45,-12.49,0.42
Portugal,PRT,2/16/2020,-11.19,-7.51,-21.44,-10.29
Portugal,PRT,2/23/2020,5.55,-3.62,-10.52,-6.45
Portugal,PRT,3/1/2020,3.01,-2.91,-10.41,-6.98
Portugal,PRT,3/8/2020,-9.8,-0.68,-10.97,-4.2
Portugal,PRT,3/15/2020,10.47,2.87,-3.3,7.09
Portugal,PRT,3/22/2020,-4.78,7.77,7.37,18.79
Portugal,PRT,3/29/2020,5.23,16.02,12.6,26.52
Portugal,PRT,4/5/2020,16.19,15.56,15.02,30.58
Portugal,PRT,4/12/2020,10.43,18.51,20.9,32.25
Portugal,PRT,4/19/2020,4.32,7.39,19.27,28.82
Portugal,PRT,4/26/2020,-1.94,14.99,8.22,29.45
Portugal,PRT,5/3/2020,-7.29,9.12,4.29,21.13
Portugal,PRT,5/10/2020,0.71,13.44,7.44,21.98
Portugal,PRT,5/17/2020,-8.75,-5.82,8.88,12.1
Portugal,PRT,5/24/2020,5.91,-6.06,1.07,18.68
Portugal,PRT,5/31/2020,22.8,19.53,11.89,29.97
Portugal,PRT,6/7/2020,6.83,12.97,-0.48,12.55
Portugal,PRT,6/14/2020,-0.34,-8.23,-3.79,6.46
Portugal,PRT,6/21/2020,2.05,0.07,-7.04,-1.39
Portugal,PRT,6/28/2020,11.65,22.67,3.98,21.03
Portugal,PRT,7/5/2020,28.63,12.13,10.92,11.39
Portugal,PRT,7/12/2020,-0.2,11.31,13.73,38.08
Portugal,PRT,7/19/2020,20.61,13.25,46.27,65.69
Portugal,PRT,7/26/2020,5.61,17.4,31.27,46.97
Portugal,PRT,8/2/2020,9.05,13.53,11.33,24.97
Portugal,PRT,8/9/2020,-5.76,2.73,4.34,16.63
Portugal,PRT,8/16/2020,-0.14,7.61,2.03,10.92
Portugal,PRT,8/23/2020,0.92,-1.19,-5.1,16.48
Portugal,PRT,8/30/2020,7.89,15.61,3.51,28.47
Portugal,PRT,9/6/2020,-3.91,12.45,13.83,16.35
Portugal,PRT,9/13/2020,18.49,22.42,19.15,32.23
Portugal,PRT,9/20/2020,1,11.66,11.52,29.11
Portugal,PRT,9/27/2020,-5.25,7.13,-7.13,7.13
Portugal,PRT,10/4/2020,-4.23,14.43,9.64,18.38
Portugal,PRT,10/11/2020,14.62,10.22,10.04,19.85
Portugal,PRT,10/18/2020,14.34,18.14,3.56,20.04
Portugal,PRT,10/25/2020,-1.69,8.94,10.85,18.18
Portugal,PRT,11/1/2020,1.22,20.14,18.55,33.34
Portugal,PRT,11/8/2020,5.59,10.12,16.12,22.21
Scotland,,1/5/2020,-8.95,-14.12,-4.07,-10.61
Scotland,,1/12/2020,1.63,6.04,-7.88,5.05
Scotland,,1/19/2020,1.87,1.7,-6.73,-7.5
Scotland,,1/26/2020,-4.25,-0.35,-11.05,-7.78
Scotland,,2/2/2020,-7.91,-3.43,-2.85,-12.49
Scotland,,2/9/2020,-7.54,-6.06,-0.37,-2.39
Scotland,,2/16/2020,-3.76,4.9,-14.58,-10.24
Scotland,,2/23/2020,-8.75,-0.62,-5.65,-9.82
Scotland,,3/1/2020,-0.93,-0.19,1.83,0.89
Scotland,,3/8/2020,5.84,-5.32,-1.8,-2.44
Scotland,,3/15/2020,17.59,5.73,-5.75,-0.4
Scotland,,3/22/2020,17.11,10.25,10.81,-3.13
Scotland,,3/29/2020,-14,-6.91,-5.2,5.47
Scotland,,4/5/2020,47.94,59.33,66.05,58.26
Scotland,,4/12/2020,36.53,64.18,109.07,90
Scotland,,4/19/2020,29.72,58.09,86.81,115.06
Scotland,,4/26/2020,44.16,49.28,75.79,89.14
Scotland,,5/3/2020,33.68,28.94,50.82,89.16
Scotland,,5/10/2020,11.84,26.31,57.03,46.19
Scotland,,5/17/2020,29.1,9.48,31.73,52.71
Scotland,,5/24/2020,13.02,11.17,10.86,28.17
Scotland,,5/31/2020,11.52,1.55,10.63,16.64
Scotland,,6/7/2020,6.75,7.4,1.07,2
Scotland,,6/14/2020,-4.31,10.81,2.51,5.04
Scotland,,6/21/2020,7.72,-14.68,8.23,11.67
Scotland,,6/28/2020,-1.48,-19.42,5.75,0.69
Scotland,,7/5/2020,19.42,-6.95,-7.86,-8.87
Scotland,,7/12/2020,2.31,4.64,-9.36,-9.06
Scotland,,7/19/2020,4.1,2.8,-0.14,6.44
Scotland,,7/26/2020,9.73,-11.93,2.9,-6.03
Scotland,,8/2/2020,11.22,3,1.91,4.81
Scotland,,8/9/2020,4.66,12.43,2.94,-8.61
Scotland,,8/16/2020,11.65,-3.51,-18.46,-9.36
Scotland,,8/23/2020,6.04,12.21,7.65,-2.49
Scotland,,8/30/2020,13.13,15.85,2.4,-4.73
Scotland,,9/6/2020,22.91,18.82,-2.12,-1.4
Scotland,,9/13/2020,6.16,8.65,7.07,4.74
Scotland,,9/20/2020,7.54,-7.74,-8.13,-9.41
Scotland,,9/27/2020,-8.47,-8.75,-15.87,-9.66
Scotland,,10/4/2020,21.41,18.82,11.22,12.52
Scotland,,10/11/2020,3.05,-18.87,0.54,7.78
Scotland,,10/18/2020,-0.95,2.47,20.22,1.74
Scotland,,10/25/2020,21.15,23.21,4.15,10.78
Scotland,,11/1/2020,6.57,20.66,20.63,17.97
Scotland,,11/8/2020,15.07,11.38,12.59,13.06
Scotland,,11/15/2020,18.29,14.64,17.12,18.5
Scotland,,11/22/2020,14.99,25,0.92,38.41
Slovakia,SVK,1/5/2020,6.53,6.85,-19.14,-11.93
Slovakia,SVK,1/12/2020,-3.75,-1.53,-11.34,-2.87
Slovakia,SVK,1/19/2020,-12.99,8.73,-21.18,-9.51
Slovakia,SVK,1/26/2020,-2.72,-2.86,-11.33,-3.28
Slovakia,SVK,2/2/2020,-13.16,3.54,-4.68,-5.09
Slovakia,SVK,2/9/2020,-17.36,5.6,-13.71,-4.86
Slovakia,SVK,2/16/2020,-4.75,1.73,-2.47,2.26
Slovakia,SVK,2/23/2020,-14.07,0.39,-4.14,-15.81
Slovakia,SVK,3/1/2020,-16.67,2.92,-2.45,2.21
Slovakia,SVK,3/8/2020,-4.52,0.72,1.21,-6.79
Slovakia,SVK,3/15/2020,-11,8.3,3.28,2.48
Slovakia,SVK,3/22/2020,7.01,18.84,7,8.19
Slovakia,SVK,3/29/2020,-20.82,7.83,7.56,5.33
Slovakia,SVK,4/5/2020,-8.7,30.96,-2.48,10.52
Slovakia,SVK,4/12/2020,-13.58,-1.48,-4.72,3.22
Slovakia,SVK,4/19/2020,-10.94,-1.82,-2.79,-4.44
Slovakia,SVK,4/26/2020,-6.6,11.11,-8.64,-6.58
Slovakia,SVK,5/3/2020,-19.47,-1.66,10.01,3.75
Slovakia,SVK,5/10/2020,-6.12,14.42,8.7,0.17
Slovakia,SVK,5/17/2020,1.07,14.53,6.52,-7.49
Slovakia,SVK,5/24/2020,-12.74,11.69,-7.66,7.52
Slovakia,SVK,5/31/2020,-9.6,2.55,-4.91,-7.8
Slovakia,SVK,6/7/2020,-5.52,13.14,1.69,4.17
Slovakia,SVK,6/14/2020,-17.19,16.18,-1.19,6.71
Slovakia,SVK,6/21/2020,-27.27,6.25,-4.1,3.59
Slovakia,SVK,6/28/2020,-2.42,7.72,0.08,-4.94
Slovakia,SVK,7/5/2020,-2.02,10.11,0.86,10.96
Slovakia,SVK,7/12/2020,4.85,8.43,-7.95,7.45
Slovakia,SVK,7/19/2020,-8.86,4.07,4.21,-7.69
Slovakia,SVK,7/26/2020,-23.72,17.7,-4.76,-18.67
Slovakia,SVK,8/2/2020,-14.78,1.64,4.63,5.02
Slovakia,SVK,8/9/2020,-9.63,3.71,19.92,25
Slovakia,SVK,8/16/2020,-17.48,10.19,6.38,-0.79
Slovakia,SVK,8/23/2020,-19.63,8.89,-2.3,15.88
Slovakia,SVK,8/30/2020,-6.91,16.33,7.7,3.93
Slovakia,SVK,9/6/2020,-12.81,-5.02,14.04,-6.36
Slovakia,SVK,9/13/2020,-3.19,4.84,5.96,5.03
Slovenia,SVN,1/5/2020,-5.71,6.65,1.11,-13.75
Slovenia,SVN,1/12/2020,-26.63,11.56,-10.04,-3.23
Slovenia,SVN,1/19/2020,-25.77,-18.58,-14.31,9.77
Slovenia,SVN,1/26/2020,-10.14,-5.19,-12.73,4.55
Slovenia,SVN,2/2/2020,-12.98,16.58,-12.21,0.1
Slovenia,SVN,2/9/2020,-25.5,4.97,-15.72,14.24
Slovenia,SVN,2/16/2020,-2.78,10.41,4.17,15.43
Slovenia,SVN,2/23/2020,-14.53,-14.44,1.62,3.39
Slovenia,SVN,3/1/2020,-37.67,-2.93,-2.86,3.1
Slovenia,SVN,3/8/2020,3.8,-5.17,-6.79,15.6
Slovenia,SVN,3/15/2020,-21.92,-2.51,-4.08,10.07
Slovenia,SVN,3/22/2020,-18.67,10.35,8.44,14.19
Slovenia,SVN,3/29/2020,-33.99,14.24,-19.57,2.17
Slovenia,SVN,4/5/2020,-23.53,-21.97,-15.54,21.02
Slovenia,SVN,4/12/2020,-30.27,15.74,18.58,34.53
Slovenia,SVN,4/19/2020,-2.74,2.45,0.5,24.66
Slovenia,SVN,4/26/2020,-15.62,21.58,-20.04,23.51
Slovenia,SVN,5/3/2020,-24.47,8.47,-5.3,6.5
Slovenia,SVN,5/10/2020,-21.47,43.34,-13.88,15.45
Slovenia,SVN,5/17/2020,-7.89,-7.82,-3.1,11.21
Slovenia,SVN,5/24/2020,0,24.54,5.12,25.39
Slovenia,SVN,5/31/2020,-17.76,-25.68,-4.28,6.44
Slovenia,SVN,6/7/2020,-19,-0.65,-1.34,10.24
Slovenia,SVN,6/14/2020,-7.8,26.32,12.04,12.35
Slovenia,SVN,6/21/2020,-10.22,-3.91,21.39,12.96
Slovenia,SVN,6/28/2020,42.35,17.16,17.11,27.52
Slovenia,SVN,7/5/2020,1.52,-13.31,3.16,16.46
Slovenia,SVN,7/12/2020,-23.08,3.87,-30.3,21.97
Slovenia,SVN,7/19/2020,-40.58,0.67,-12.05,26.25
Slovenia,SVN,7/26/2020,-19.21,-3.23,-9.25,18.4
Slovenia,SVN,8/2/2020,0.32,0.96,-12.04,36.74
Slovenia,SVN,8/9/2020,-24.56,8.2,4.61,20.03
Slovenia,SVN,8/16/2020,-17.18,33.54,11.22,11.11
Slovenia,SVN,8/23/2020,-37.69,-6.16,-1.98,20.95
Slovenia,SVN,8/30/2020,-26.3,-12.39,-6.65,10.72
Slovenia,SVN,9/6/2020,-7.05,-6.56,5.81,30.7
Slovenia,SVN,9/13/2020,-1.93,11.46,-3.56,24.39
Slovenia,SVN,9/20/2020,-4.91,23.49,9.92,28.98
Slovenia,SVN,9/27/2020,-3.06,-10.71,-1.57,9.55
South Korea,KOR,1/5/2020,1.33,-4.03,7.48,12.61
South Korea,KOR,1/12/2020,-5.18,-0.06,-0.27,15.58
South Korea,KOR,1/19/2020,-1.7,-6.53,5.86,16.47
South Korea,KOR,1/26/2020,-0.73,-0.22,5.35,22.21
South Korea,KOR,2/2/2020,-6.46,-6.01,10.92,20.57
South Korea,KOR,2/9/2020,1.49,-0.95,8.77,24.45
South Korea,KOR,2/16/2020,-3.87,-3.29,6.56,15.91
South Korea,KOR,2/23/2020,-5.22,-8.8,0.32,13.57
South Korea,KOR,3/1/2020,-5.06,-6.22,2,13.72
South Korea,KOR,3/8/2020,-1.8,-1.28,0.44,11.83
South Korea,KOR,3/15/2020,-3.58,-4.85,-1.24,21.25
South Korea,KOR,3/22/2020,2.41,2.38,1.96,9.51
South Korea,KOR,3/29/2020,-5.83,-6.2,1.12,14.81
South Korea,KOR,4/5/2020,-3.59,-11.81,-3.11,16.17
South Korea,KOR,4/12/2020,-2.45,3.78,6,21.59
South Korea,KOR,4/19/2020,-6.78,-6.88,4.93,20.16
South Korea,KOR,4/26/2020,-6.09,5.5,-2.15,19.42
South Korea,KOR,5/3/2020,3.16,-1.9,6.43,25.94
South Korea,KOR,5/10/2020,-4.07,-5.76,2.29,16.92
South Korea,KOR,5/17/2020,-5.13,-6.29,-2.16,14.91
South Korea,KOR,5/24/2020,-1.25,1.16,-1.51,17.96
South Korea,KOR,5/31/2020,-4.91,-6.64,0.73,11.88
South Korea,KOR,6/7/2020,3.04,-2.41,5.89,24.26
South Korea,KOR,6/14/2020,0.86,6.87,-0.37,23.94
South Korea,KOR,6/21/2020,-6.91,-5.13,4.71,22.33
South Korea,KOR,6/28/2020,-2.01,-1.72,5.47,18.37
South Korea,KOR,7/5/2020,-3.21,1.08,4.49,19.81
South Korea,KOR,7/12/2020,-7.28,-3.83,-0.57,19.34
South Korea,KOR,7/19/2020,2.54,3.21,2.82,20.38
South Korea,KOR,7/26/2020,-1.91,-1.21,4.64,22.2
South Korea,KOR,8/2/2020,-3.43,1.22,-2.37,20.61
South Korea,KOR,8/9/2020,-8.41,-7.33,2.53,19.71
South Korea,KOR,8/16/2020,9.49,0.5,9.63,20.98
South Korea,KOR,8/23/2020,-3.34,7.16,16.77,34.45
South Korea,KOR,8/30/2020,-0.38,2.91,13.96,28.3
South Korea,KOR,9/6/2020,-2.07,-1.32,2.9,22.28
South Korea,KOR,9/13/2020,-4.91,-0.49,4.07,25.02
South Korea,KOR,9/20/2020,-6.61,3.71,4.24,27.68
South Korea,KOR,9/27/2020,-3.11,3.99,2.21,19.1
South Korea,KOR,10/4/2020,-10.7,0.18,-1.91,21.51
Spain,ESP,1/5/2020,-2.97,-0.99,-19.49,-8.14
Spain,ESP,1/12/2020,-1.81,-4.41,-11.77,-5.47
Spain,ESP,1/19/2020,5.79,3.04,-8.71,-4.32
Spain,ESP,1/26/2020,-3.13,8.28,-12.15,-5.34
Spain,ESP,2/2/2020,12.16,-3.13,-12.84,-2.33
Spain,ESP,2/9/2020,5.97,1.77,-10.11,-3.31
Spain,ESP,2/16/2020,-3.93,1.33,-11.74,-5.2
Spain,ESP,2/23/2020,0.34,-4.63,-14.57,-9.72
Spain,ESP,3/1/2020,-4.84,-11,-22.08,-8.83
Spain,ESP,3/8/2020,3.97,-0.58,-6.07,-1.42
Spain,ESP,3/15/2020,6.61,13.03,3.18,12.05
Spain,ESP,3/22/2020,26.47,53.77,61.48,57.42
Spain,ESP,3/29/2020,59.68,143.76,153.73,138.33
Spain,ESP,4/5/2020,61.59,131.84,161.29,185.15
Spain,ESP,4/12/2020,33.77,91.06,104.71,154.55
Spain,ESP,4/19/2020,31.23,46.29,52.48,96.23
Spain,ESP,4/26/2020,9.96,30.47,22.41,50.79
Spain,ESP,5/3/2020,5.86,16.42,6.16,28.66
Spain,ESP,5/10/2020,11.33,17.52,0.8,20.99
Spain,ESP,5/17/2020,7.09,5.16,-3.22,0.38
Spain,ESP,5/24/2020,6.23,7.67,-2.73,4.61
Spain,ESP,5/31/2020,4.97,-0.86,-8.78,1.73
Spain,ESP,6/7/2020,-1.92,8.98,-8.58,-0.58
Spain,ESP,6/14/2020,6.38,-1.94,-7.08,-6.65
Spain,ESP,6/21/2020,-0.58,-0.41,-9.78,-2.12
Spain,ESP,6/28/2020,8.28,6.07,-3.93,5.88
Spain,ESP,7/5/2020,2.74,7.01,-5.58,3.37
Spain,ESP,7/12/2020,3.43,6.73,-3.06,7.32
Spain,ESP,7/19/2020,0.11,8.35,-2.21,6.57
Spain,ESP,7/26/2020,9.75,4.04,-1.36,13.01
Spain,ESP,8/2/2020,12.37,10.81,9.95,22.17
Spain,ESP,8/9/2020,8.97,7.21,10.83,22.8
Spain,ESP,8/16/2020,12.18,10.64,12.05,22.35
Spain,ESP,8/23/2020,13.64,9.59,5.06,20.73
Spain,ESP,8/30/2020,17.34,13.52,9.91,18.36
Spain,ESP,9/6/2020,12.09,19.79,7.72,19.69
Spain,ESP,9/13/2020,12.73,13.06,17.08,28.61
Spain,ESP,9/20/2020,11.42,17.83,13.07,26.65
Spain,ESP,9/27/2020,11.24,14.33,12.28,21.31
Spain,ESP,10/4/2020,12.71,22.54,12.07,20.91
Spain,ESP,10/11/2020,20.72,23.95,14.43,26.21
Spain,ESP,10/18/2020,9.4,21.56,19.38,23.83
Spain,ESP,10/25/2020,20.9,30.39,24.23,38.4
Spain,ESP,11/1/2020,18.8,32.94,29.94,32.64
Sweden,SWE,1/5/2020,-11.42,-12.84,1.48,-10.78
Sweden,SWE,1/12/2020,-0.92,-5.96,-4.22,-2.05
Sweden,SWE,1/19/2020,-15.83,0.48,-3.8,-7.49
Sweden,SWE,1/26/2020,-12.34,-11.08,-1.91,-14.8
Sweden,SWE,2/2/2020,-10.9,-8.07,8.89,-4.62
Sweden,SWE,2/9/2020,-8.04,-17.84,-2.72,-9.06
Sweden,SWE,2/16/2020,-8.42,-10.55,-0.41,-5.52
Sweden,SWE,2/23/2020,-11.35,-9.67,-2.72,-15.45
Sweden,SWE,3/1/2020,-8.29,-14.73,-2.6,-13.64
Sweden,SWE,3/8/2020,-8.13,-0.4,5.25,-11.12
Sweden,SWE,3/15/2020,-2.97,-16.13,-7.88,-8.23
Sweden,SWE,3/22/2020,-10.46,-3.32,14.42,3.5
Sweden,SWE,3/29/2020,4.37,9.4,21.76,8.65
Sweden,SWE,4/5/2020,9.96,30.71,46.55,29.04
Sweden,SWE,4/12/2020,27.06,27.53,60.54,50.82
Sweden,SWE,4/19/2020,22.28,17.63,61.04,47.24
Sweden,SWE,4/26/2020,-4.29,25.09,43.51,41.43
Sweden,SWE,5/3/2020,15.51,19.59,44.86,41.2
Sweden,SWE,5/10/2020,-1.87,16.44,50.55,38.3
Sweden,SWE,5/17/2020,9.46,2.27,44.97,27.84
Sweden,SWE,5/24/2020,14.42,11.15,28.03,26.05
Sweden,SWE,5/31/2020,-4.87,2.44,5.86,10.86
Sweden,SWE,6/7/2020,11.31,-5.03,33.74,9.69
Sweden,SWE,6/14/2020,-16.48,12.5,28.6,10.44
Sweden,SWE,6/21/2020,4.51,-10.12,26.95,6.05
Sweden,SWE,6/28/2020,13.22,-17.93,8.62,14.5
Sweden,SWE,7/5/2020,-13.91,-8.82,10.76,-2.4
Sweden,SWE,7/12/2020,-3.72,-6.61,13.66,-3.96
Sweden,SWE,7/19/2020,-4.32,-4.94,-4.29,-2.53
Sweden,SWE,7/26/2020,-15.33,-3.54,-5.9,5.01
Sweden,SWE,8/2/2020,-4.34,-4.26,13.65,-10.73
Sweden,SWE,8/9/2020,-1.06,-13.7,13.29,4.03
Sweden,SWE,8/16/2020,-2.96,-4.52,11.24,-6.43
Sweden,SWE,8/23/2020,-5.7,-3.39,9.4,1.52
Sweden,SWE,8/30/2020,-10.91,-11.41,2.14,-9.09
Sweden,SWE,9/6/2020,3.53,-10.28,0.14,-4.73
Sweden,SWE,9/13/2020,-15.89,-9.16,4.74,0.09
Sweden,SWE,9/20/2020,-16.01,2.18,0.46,-5.19
Sweden,SWE,9/27/2020,-19.98,-12.43,9.54,-0.2
Sweden,SWE,10/4/2020,-14.78,-8.11,3.92,-8.35
Sweden,SWE,10/11/2020,-17.94,-15.28,5.93,-9.46
Sweden,SWE,10/18/2020,-11.59,-0.66,4.74,-2.64
Sweden,SWE,10/25/2020,-18.22,-17.58,3.82,-6.11
Sweden,SWE,11/1/2020,-22.5,-7.64,10.4,-1.27
Sweden,SWE,11/8/2020,-13.43,-8.31,12.79,-6.8
Switzerland,CHE,1/5/2020,-15.34,-2.78,-7.74,-13.31
Switzerland,CHE,1/12/2020,-6.77,-5.99,-6.59,-10.03
Switzerland,CHE,1/19/2020,-3.75,-9.5,-9.86,-3.56
Switzerland,CHE,1/26/2020,-7.03,13.02,-7.29,-4.21
Switzerland,CHE,2/2/2020,-8.98,-2.71,2.28,-4.62
Switzerland,CHE,2/9/2020,-3.7,2.09,-4.13,-13.73
Switzerland,CHE,2/16/2020,-10.8,-12.12,-5.99,-8.38
Switzerland,CHE,2/23/2020,2.76,-16.51,-11.13,-9.1
Switzerland,CHE,3/1/2020,-6.76,-15.69,-11.78,-11.34
Switzerland,CHE,3/8/2020,-10.47,-12.69,-2.39,-5.74
Switzerland,CHE,3/15/2020,-7.84,-7.84,4.1,1.67
Switzerland,CHE,3/22/2020,-2.09,7.95,27.8,12.23
Switzerland,CHE,3/29/2020,11.81,27.26,23.01,31.67
Switzerland,CHE,4/5/2020,6.22,34.68,43.15,57.68
Switzerland,CHE,4/12/2020,9.69,20.97,29.73,45.06
Switzerland,CHE,4/19/2020,4.01,10.75,26.97,40.48
Switzerland,CHE,4/26/2020,21.19,-3.17,3.99,23.13
Switzerland,CHE,5/3/2020,-18.03,-13.18,-7.02,16.48
Switzerland,CHE,5/10/2020,-3.52,-4.89,-2.8,0.36
Switzerland,CHE,5/17/2020,1.03,-14.37,3.03,-2.38
Switzerland,CHE,5/24/2020,-8.68,2.33,-5.17,0.84
Switzerland,CHE,5/31/2020,1.78,-20.97,-10.32,1.45
Switzerland,CHE,6/7/2020,-6.37,-7.56,-6.01,8.3
Switzerland,CHE,6/14/2020,-8.73,-1.24,4.52,1.37
Switzerland,CHE,6/21/2020,-2.81,-4.34,-7.72,1.36
Switzerland,CHE,6/28/2020,-1.02,-1.23,1.96,-3.6
Switzerland,CHE,7/5/2020,-1.28,-5.11,-0.38,-1.68
Switzerland,CHE,7/12/2020,-2.6,-16.3,5.89,-1.17
Switzerland,CHE,7/19/2020,-20.73,-22.05,-3.12,-4.99
Switzerland,CHE,7/26/2020,0.13,-20.32,1.71,-3.11
Switzerland,CHE,8/2/2020,5.52,-4.62,3.78,15.38
Switzerland,CHE,8/9/2020,-6.77,-3.89,5.86,-2.8
Switzerland,CHE,8/16/2020,8.7,-15.87,7.77,8.04
Switzerland,CHE,8/23/2020,-11.43,-6.43,-1.49,9.5
Switzerland,CHE,8/30/2020,-11.76,-1.25,-5.83,5.32
Switzerland,CHE,9/6/2020,-14.53,-0.69,-1.99,1.04
Switzerland,CHE,9/13/2020,-6.21,-3.53,-0.44,9.27
Switzerland,CHE,9/20/2020,-28.32,-8.89,6.87,8.11
Switzerland,CHE,9/27/2020,3.05,-5.64,-0.56,1.46
Switzerland,CHE,10/4/2020,-15.59,7.38,-3.79,-3.6
Switzerland,CHE,10/11/2020,4.04,-7.37,1.44,7.35
Switzerland,CHE,10/18/2020,-24.47,-14.44,-5.25,10.74
Switzerland,CHE,10/25/2020,-0.79,-3.31,7.96,25.62
Switzerland,CHE,11/1/2020,-29.73,-1.17,15.32,40.3
Taiwan,TWN,1/5/2020,2.16,5.84,-2.33,10.77
Taiwan,TWN,1/12/2020,-1.99,15.97,-3.09,7.25
Taiwan,TWN,1/19/2020,-0.37,8.12,-5.15,4.66
Taiwan,TWN,1/26/2020,-1.38,10.78,-4.2,6.72
Taiwan,TWN,2/2/2020,-2.44,11.17,5.95,10.82
Taiwan,TWN,2/9/2020,-3.29,15.01,4.28,13.55
Taiwan,TWN,2/16/2020,-10.23,12.15,-1.87,7.39
Taiwan,TWN,2/23/2020,-6.38,-0.89,-9.13,10.47
Taiwan,TWN,3/1/2020,-8.26,11.36,0.69,-3.4
Taiwan,TWN,3/8/2020,-0.89,9.9,-4.65,4.46
Taiwan,TWN,3/15/2020,-14.03,0.7,-9.37,-7.06
Taiwan,TWN,3/22/2020,-8.16,5.13,0.51,8.44
Taiwan,TWN,3/29/2020,-12.87,2.71,-5.28,1.87
Taiwan,TWN,4/5/2020,-5.87,9.21,-8.26,0.44
Taiwan,TWN,4/12/2020,-4.32,19.76,-9.07,8.54
Taiwan,TWN,4/19/2020,4.38,10.73,5.34,17.18
Taiwan,TWN,4/26/2020,-6,10.42,-1.18,3.59
Taiwan,TWN,5/3/2020,3.82,12.62,-6.51,8.59
Taiwan,TWN,5/10/2020,4.54,15.22,3.6,4.76
Taiwan,TWN,5/17/2020,-6.75,5.97,-0.55,6.77
Taiwan,TWN,5/24/2020,-7.37,1.84,-5.23,-5.06
Taiwan,TWN,5/31/2020,-13.74,3.78,-5.98,8.35
Taiwan,TWN,6/7/2020,-1.06,4.83,-6.04,5.56
Taiwan,TWN,6/14/2020,-0.68,0.63,-3.93,1.08
Taiwan,TWN,6/21/2020,-13.09,5.47,-6.07,6.27
Taiwan,TWN,6/28/2020,-12.99,12.14,0.75,6.71
Taiwan,TWN,7/5/2020,-10.64,5.78,-3.53,4.11
Taiwan,TWN,7/12/2020,-14.08,5.91,-11.91,0.95
Taiwan,TWN,7/19/2020,-2.87,9.24,-7.36,4.61
Taiwan,TWN,7/26/2020,-15.2,6.68,-1.14,7.15
Taiwan,TWN,8/2/2020,-6.61,3.03,-6.33,-1.6
Taiwan,TWN,8/9/2020,-5.35,0.48,-12.33,-1.39
Taiwan,TWN,8/16/2020,-2.72,6.14,-4.08,-4.2
Taiwan,TWN,8/23/2020,-4.61,12.03,-4.52,3.04
Taiwan,TWN,8/30/2020,-10.51,4.17,-7.23,2.68
Taiwan,TWN,9/6/2020,-2.59,10.54,-9.58,2.59
Taiwan,TWN,9/13/2020,-8.29,7.69,-12.98,8.12
Taiwan,TWN,9/20/2020,-8.87,16.42,-10.65,8.55
Taiwan,TWN,9/27/2020,-5.14,10.89,-3.58,5.42
United States,USA,1/5/2020,1.05,0.72,-0.27,-2.6
United States,USA,1/12/2020,0.8,1.2,0.22,-2.11
United States,USA,1/19/2020,2.28,0.98,0.01,-2.31
United States,USA,1/26/2020,2.66,2.45,1.47,-0.89
United States,USA,2/2/2020,0.94,3.15,2.16,-0.22
United States,USA,2/9/2020,2.81,3.57,2.59,0.2
United States,USA,2/16/2020,1.86,3.51,2.53,0.13
United States,USA,2/23/2020,3.54,4.94,3.94,1.5
United States,USA,3/1/2020,2.76,6.64,5.62,3.12
United States,USA,3/8/2020,3.82,6.81,5.79,3.3
United States,USA,3/15/2020,2.6,7.24,6.23,3.74
United States,USA,3/22/2020,5.9,8.4,7.39,4.86
United States,USA,3/29/2020,12.83,17.47,16.36,13.63
United States,USA,4/5/2020,27.69,35.86,34.58,31.43
United States,USA,4/12/2020,37.61,50.79,49.37,45.86
United States,USA,4/19/2020,32.16,51.14,49.71,46.2
United States,USA,4/26/2020,32.13,45.82,44.44,41.05
United States,USA,5/3/2020,23.72,36.78,35.48,32.3
United States,USA,5/10/2020,25.42,32.4,31.14,28.06
United States,USA,5/17/2020,23.05,28.83,27.62,24.62
United States,USA,5/24/2020,22.2,21.7,20.54,17.7
United States,USA,5/31/2020,17.01,19.75,18.62,15.84
United States,USA,6/7/2020,18.67,15.19,14.1,11.42
United States,USA,6/14/2020,17.84,14.71,13.63,10.97
United States,USA,6/21/2020,17.34,15.13,14.04,11.37
United States,USA,6/28/2020,18.44,16.51,15.4,12.69
United States,USA,7/5/2020,20.19,18.53,17.41,14.66
United States,USA,7/12/2020,27.51,22.61,21.44,18.59
United States,USA,7/19/2020,28.49,27.06,25.85,22.9
United States,USA,7/26/2020,29.12,30.5,29.27,26.23
United States,USA,8/2/2020,27.97,30.72,29.5,26.46
United States,USA,8/9/2020,26.2,28.63,27.43,24.44
United States,USA,8/16/2020,26.96,28.57,27.36,24.36
United States,USA,8/23/2020,22.44,27.07,25.86,22.91
United States,USA,8/30/2020,18.43,21.86,20.72,17.88
United States,USA,9/6/2020,14.76,18.58,17.45,14.69
United States,USA,9/13/2020,14.25,14.53,13.45,10.78
United States,USA,9/20/2020,10.19,14.68,13.6,10.93
United States,USA,9/27/2020,10.61,16.43,15.34,12.64
United States,USA,10/4/2020,4.97,12.07,11.01,8.4
United States,USA,10/11/2020,8.89,14.22,13.14,10.48
United States,USA,10/18/2020,1.71,9.41,8.38,5.84
